Emp ID,Name Prefix,First Name,Middle Initial,Last Name,Gender,E Mail,Father's Name,Mother's Name,Mother's Maiden Name,Date of Birth,Time of Birth,Age in Yrs.,Weight in Kgs.,Date of Joining,Quarter of Joining,Half of Joining,Year of Joining,Month of Joining,Month Name of Joining,Short Month,Day of Joining,DOW of Joining,Short DOW,Age in Company (Years),Salary,Last % Hike,SSN,Phone No. ,Place Name,County,City,State,Zip,Region,User Name,Password
198429,Mrs.,Serafina,I,Bumgarner,F,serafina.bumgarner@exxonmobil.com,Vaughn Bumgarner,Sharell Bumgarner,Floyd,9/21/1982,1:53:14 AM,34.87,45,02-01-2008,Q1,H1,2008,2,February,Feb,1,Friday,Fri,9.49,69294,14%,063-02-3609,212-376-9125,Clymer,Chautauqua,Clymer,NY,14724,Northeast,sibumgarner,vLzv}J-mM^ub
178566,Mrs.,Juliette,M,Rojo,F,juliette.rojo@yahoo.co.uk,Williams Rojo,Rufina Rojo,Stearns,05-08-1967,6:03:23 PM,50.26,55,06-04-2011,Q2,H1,2011,6,June,Jun,4,Saturday,Sat,6.15,193912,27%,671-48-9915,215-254-9594,Glenside,Montgomery,Glenside,PA,19038,Northeast,jmrojo,L8dG9In5y58
647173,Mr.,Milan,F,Krawczyk,M,milan.krawczyk@hotmail.com,Tommie Krawczyk,Billi Krawczyk,Soriano,04-04-1980,7:07:22 AM,37.34,68,1/19/2012,Q1,H1,2012,1,January,Jan,19,Thursday,Thu,5.53,123681,11%,527-99-6328,240-748-4111,Gibson Island,Anne Arundel,Gibson Island,MD,21056,South,mfkrawczyk,f!Cv42mMK
847634,Mr.,Elmer,R,Jason,M,elmer.jason@yahoo.com,Marshall Jason,Paulene Jason,Atherton,04-09-1996,12:55:59 AM,21.32,78,5/28/2017,Q2,H1,2017,5,May,May,28,Sunday,Sun,0.17,93504,26%,063-02-5994,236-751-5963,Mendota,Washington,Mendota,VA,24270,South,erjason,eiHcRh@btnmQ
260736,Ms.,Zelda,P,Forest,F,zelda.forest@ibm.com,Chester Forest,Marti Forest,Bedell,11/27/1959,8:49:14 PM,57.71,57,1/28/2014,Q1,H1,2014,1,January,Jan,28,Tuesday,Tue,3.5,176642,29%,421-67-5501,212-268-4076,Schenectady,Schenectady,Schenectady,NY,12306,Northeast,zpforest,JR>O-}u]hWM
811306,Mr.,Rhett,P,Wan,M,rhett.wan@hotmail.com,Johnny Wan,Keva Wan,Gehring,7/14/1976,12:06:19 AM,41.07,71,1/21/2009,Q1,H1,2009,1,January,Jan,21,Wednesday,Wed,8.52,59406,25%,608-87-8674,209-984-3789,Selma,Fresno,Selma,CA,93662,West,rpwan,X|4}dm%g~Z&A4q
956633,Mr.,Hal,H,Farrow,M,hal.farrow@cox.net,Monty Farrow,Bernardina Farrow,Stewart,3/15/1967,2:45:15 AM,50.41,87,2/25/1991,Q1,H1,1991,2,February,Feb,25,Monday,Mon,26.44,164580,21%,661-22-0722,209-550-0139,Modesto,Stanislaus,Modesto,CA,95353,West,hhfarrow,Anx#>F?{]m.F
629539,Dr.,Del,I,Fernandez,M,del.fernandez@hotmail.com,Freeman Fernandez,Elisha Fernandez,Farias,8/13/1991,9:37:47 PM,25.98,60,04-07-2016,Q2,H1,2016,4,April,Apr,7,Thursday,Thu,1.31,138662,25%,510-33-5541,216-900-3642,Kent,Portage,Kent,OH,44243,Midwest,difernandez,z*k8JKZGznKe
784160,Dr.,Corey,A,Jackman,M,corey.jackman@gmail.com,Kris Jackman,Molly Jackman,Feller,04-12-1959,12:27:16 PM,58.33,80,6/29/1984,Q2,H1,1984,6,June,Jun,29,Friday,Fri,33.1,57616,21%,651-62-1513,212-389-8573,Jamaica,Jamaica,Jamaica,NY,11480,Northeast,cajackman,ca:y2tLb
744723,Hon.,Bibi,H,Paddock,F,bibi.paddock@yahoo.co.in,Gilberto Paddock,Celia Paddock,Smtih,10/20/1991,10:09:34 PM,25.79,52,11-02-2016,Q4,H2,2016,11,November,Nov,2,Wednesday,Wed,0.73,87148,0%,311-35-3566,423-355-3751,Rickman,Overton,Rickman,TN,38580,South,bhpaddock,vC~mwkem
423093,Mr.,Eric,O,Manning,M,eric.manning@yahoo.com,Chas Manning,Shirleen Manning,Batson,11-02-1980,8:48:01 PM,36.76,64,10/28/2002,Q4,H2,2002,10,October,Oct,28,Monday,Mon,14.76,149363,4%,647-21-1863,319-913-5811,Clermont,Fayette,Clermont,IA,52135,Midwest,eomanning,oHAn%9aDXG\_@k%
207808,Ms.,Renetta,T,Hafner,F,renetta.hafner@aol.com,Phil Hafner,Mora Hafner,Eberhardt,1/29/1975,11:50:51 AM,42.52,50,8/22/1998,Q3,H2,1998,8,August,Aug,22,Saturday,Sat,18.95,180289,14%,539-71-9884,239-664-4998,Fort Lauderdale,Broward,Fort Lauderdale,FL,33335,South,rthafner,xm2OaKOsyzegc
338634,Ms.,Paz,T,Pearman,F,paz.pearman@gmail.com,Sean Pearman,Mikaela Pearman,Boehm,2/28/1960,8:35:18 PM,57.45,46,5/25/1982,Q2,H1,1982,5,May,May,25,Tuesday,Tue,35.2,144804,25%,665-22-7253,319-435-3438,Garnavillo,Clayton,Garnavillo,IA,52049,Midwest,ptpearman,N-ap5/@F*<
324573,Hon.,Ardath,Q,Forman,F,ardath.forman@gmail.com,Glenn Forman,Consuela Forman,Jobe,11-12-1982,4:54:17 AM,34.73,56,10/16/2009,Q4,H2,2009,10,October,Oct,16,Friday,Fri,7.79,189373,17%,449-99-5082,229-447-5924,Athens,Clarke,Athens,GA,30602,South,aqforman,zj5f~@4rH!5.aY
953724,Mrs.,Nanci,D,Osorio,F,nanci.osorio@hotmail.com,Renaldo Osorio,Xochitl Osorio,Nash,07-09-1982,12:02:26 PM,35.08,44,11-07-2003,Q4,H2,2003,11,November,Nov,7,Friday,Fri,13.73,71321,26%,571-99-4191,603-298-3198,Lincoln,Grafton,Lincoln,NH,3251,Northeast,ndosorio,8%f:FPOls+
138700,Ms.,Maricela,H,Simard,F,maricela.simard@gmail.com,Dwayne Simard,Michele Simard,Breault,7/21/1988,7:06:17 PM,29.04,49,9/25/2016,Q3,H2,2016,9,September,Sep,25,Sunday,Sun,0.84,88513,20%,157-23-8970,252-383-7726,Ingold,Sampson,Ingold,NC,28446,South,mhsimard,4Xd%-TYkd4.
644265,Ms.,Avelina,I,Stoner,F,avelina.stoner@exxonmobil.com,Conrad Stoner,Tai Stoner,Laroche,10-01-1988,12:15:44 PM,28.84,42,11/30/2010,Q4,H2,2010,11,November,Nov,30,Tuesday,Tue,6.66,157826,20%,532-71-2239,215-329-1990,Salina,Westmoreland,Salina,PA,15680,Northeast,aistoner,0ZpMuaLKG
223871,Drs.,Christene,O,Mattison,F,christene.mattison@gmail.com,Elroy Mattison,Brittaney Mattison,Rayner,9/14/1990,9:43:32 AM,26.89,46,9/13/2015,Q3,H2,2015,9,September,Sep,13,Sunday,Sun,1.87,177224,6%,169-86-8872,314-561-9256,Alba,Jasper,Alba,MO,64830,Midwest,comattison,A9.^B4Vk@{N]H
807262,Mr.,Stefan,O,Maeda,M,stefan.maeda@yahoo.com,Blair Maeda,Stephany Maeda,Brittingham,3/23/1990,9:14:56 AM,27.37,57,11-05-2011,Q4,H2,2011,11,November,Nov,5,Saturday,Sat,5.73,67028,25%,312-35-8549,225-889-6869,Slidell,St. Tammany,Slidell,LA,70461,South,somaeda,H;dUOC/_q:5CZ}E
368234,Drs.,Gillian,T,Winter,F,gillian.winter@gmail.com,Arlie Winter,Bernarda Winter,Alton,1/17/1960,2:25:49 PM,57.57,48,11/28/1984,Q4,H2,1984,11,November,Nov,28,Wednesday,Wed,32.68,103619,10%,486-29-0402,505-325-2023,Alamogordo,Otero,Alamogordo,NM,88310,West,gtwinter,E6NT?KLs
807442,Hon.,Ed,E,Ferrari,M,ed.ferrari@gmail.com,Sung Ferrari,Alverta Ferrari,Norvell,9/27/1981,7:31:47 AM,35.86,51,2/15/2015,Q1,H1,2015,2,February,Feb,15,Sunday,Sun,2.45,145831,1%,493-29-4894,210-319-0049,Gardendale,Ector,Gardendale,TX,79758,South,eeferrari,b.b|PeM0
956778,Ms.,Jewell,L,Thies,F,jewell.thies@aol.com,Tyrell Thies,Joette Thies,Barrow,2/16/1991,11:29:52 AM,26.46,51,4/28/2017,Q2,H1,2017,4,April,Apr,28,Friday,Fri,0.25,153248,25%,112-98-0744,405-727-5191,Oklahoma City,Oklahoma City,Oklahoma City,OK,73100,South,jlthies,5~F^ZfXs
496781,Dr.,Jonathan,Z,Rosa,M,jonathan.rosa@gmail.com,Carter Rosa,Ursula Rosa,Cranford,2/19/1981,5:51:15 AM,36.46,61,7/23/2010,Q3,H2,2010,7,July,Jul,23,Friday,Fri,7.02,198838,21%,276-17-7191,236-696-3896,Falls Church,Fairfax,Falls Church,VA,22047,South,jzrosa,3l6LIQw}
301629,Mr.,Ruben,L,Weissman,M,ruben.weissman@gmail.com,Lamont Weissman,Lawanna Weissman,Henke,12/28/1995,11:07:05 PM,21.6,84,01-03-2017,Q1,H1,2017,1,January,Jan,3,Tuesday,Tue,0.56,48543,22%,729-28-4437,201-979-0583,Elmwood Park,Bergen,Elmwood Park,NJ,7407,Northeast,rlweissman,Y9RrTqSa
668065,Mrs.,Deja,H,Niemeyer,F,deja.niemeyer@gmail.com,Josiah Niemeyer,Emelia Niemeyer,Braddy,09-04-1961,4:37:10 AM,55.93,41,06-05-2012,Q2,H1,2012,6,June,Jun,5,Tuesday,Tue,5.15,130000,9%,191-86-7546,210-777-5935,Evadale,Jasper,Evadale,TX,77615,South,dhniemeyer,l9uaXK7jjR4^aE
836931,Ms.,Selene,S,Ford,F,selene.ford@aol.com,Jarrett Ford,Andre Ford,Bow,3/23/1992,12:38:12 AM,25.36,42,10-07-2013,Q4,H2,2013,10,October,Oct,7,Monday,Mon,3.81,143902,6%,127-98-1656,203-799-7675,Hartford,Hartford,Hartford,CT,6101,Northeast,ssford,p:CZy8t*JVo4_
914698,Ms.,Janeen,M,Norman,F,janeen.norman@gmail.com,Forrest Norman,Krishna Norman,Chick,1/28/1989,6:35:10 PM,28.52,53,01-05-2012,Q1,H1,2012,1,January,Jan,5,Thursday,Thu,5.56,117383,17%,669-48-8772,803-953-3848,Columbia,Richland,Columbia,SC,29224,South,jmnorman,PPX%}E5U5Ql&C9f
872750,Mr.,Johnnie,J,Ibarra,M,johnnie.ibarra@aol.com,Abel Ibarra,Nenita Ibarra,Dunford,01-10-1972,6:04:09 PM,45.58,71,4/14/2013,Q2,H1,2013,4,April,Apr,14,Sunday,Sun,4.29,181385,15%,439-99-8990,209-862-8601,San Diego,San Diego,San Diego,CA,92142,West,jjibarra,2sGw73*xxx|
813428,Mr.,Emerson,L,Sands,M,emerson.sands@gmail.com,Herb Sands,Judith Sands,Schuman,07-08-1978,10:18:04 PM,39.08,76,01-01-2015,Q1,H1,2015,1,January,Jan,1,Thursday,Thu,2.57,106048,2%,202-84-1432,231-399-0470,Dowagiac,Cass,Dowagiac,MI,49047,Midwest,elsands,fXiQY\O|Y:Pz<
380228,Mr.,Oswaldo,V,Dodd,M,oswaldo.dodd@gmail.com,Terry Dodd,Oma Dodd,Mazur,11/24/1975,3:24:57 AM,41.7,88,11/14/1998,Q4,H2,1998,11,November,Nov,14,Saturday,Sat,18.72,92047,25%,047-15-2729,229-954-3152,Harrison,Washington,Harrison,GA,31035,South,ovdodd,Z4%v}/9c-#oX~x
791100,Ms.,Leone,Y,Buss,F,leone.buss@yahoo.co.uk,Marcelo Buss,Mariette Buss,Finkle,1/31/1968,2:26:33 AM,49.52,56,12/31/1996,Q4,H2,1996,12,December,Dec,31,Tuesday,Tue,20.59,44080,5%,729-28-3357,207-521-8795,Bryant Pond,Oxford,Bryant Pond,ME,4219,Northeast,lybuss,d-a_aaoI}|
613551,Mr.,Jay,Y,Shields,M,jay.shields@gmail.com,Angelo Shields,Treasa Shields,Darnell,03-11-1981,10:08:11 AM,36.41,70,8/26/2013,Q3,H2,2013,8,August,Aug,26,Monday,Mon,3.92,167893,15%,299-15-4635,303-815-3774,Denver,Jefferson,Denver,CO,80215,West,jyshields,h!Fjcq1UJCZ5
147663,Mr.,Douglass,E,Corrigan,M,douglass.corrigan@rediffmail.com,Antione Corrigan,Corrinne Corrigan,Sigman,3/17/1973,12:29:13 AM,44.39,60,2/19/2015,Q1,H1,2015,2,February,Feb,19,Thursday,Thu,2.44,86718,22%,498-29-1692,217-809-6973,Saint Charles,Kane,Saint Charles,IL,60174,Midwest,decorrigan,PubKJS|Q
707600,Ms.,Sherita,M,Baugh,F,sherita.baugh@gmail.com,Jason Baugh,Gwyneth Baugh,Mcdade,4/20/1995,8:26:21 AM,22.29,42,8/17/2016,Q3,H2,2016,8,August,Aug,17,Wednesday,Wed,0.95,49450,5%,441-29-0236,319-796-0569,Wheatland,Clinton,Wheatland,IA,52777,Midwest,smbaugh,NqB{TuwjQQxcr
596529,Ms.,Lana,N,Arbuckle,F,lana.arbuckle@shaw.ca,Dillon Arbuckle,Matha Arbuckle,Kieffer,10/22/1967,12:59:41 AM,49.8,47,11-11-1996,Q4,H2,1996,11,November,Nov,11,Monday,Mon,20.72,193628,10%,226-99-7414,405-584-3309,Oklahoma City,Oklahoma,Oklahoma City,OK,73119,South,lnarbuckle,Cn~r|\&+{4
834635,Hon.,Deloise,T,Oyler,F,deloise.oyler@yahoo.com,Frederic Oyler,Glendora Oyler,Trotman,09-04-1963,9:46:27 AM,53.93,40,01-06-2015,Q1,H1,2015,1,January,Jan,6,Tuesday,Tue,2.56,173977,14%,563-99-9596,216-204-6295,Newbury,Geauga,Newbury,OH,44065,Midwest,dtoyler,4kqW4|2Vd.UX}D
794524,Mr.,Armand,O,Fortenberry,M,armand.fortenberry@sbcglobal.net,Wilson Fortenberry,Bianca Fortenberry,Aikens,1/20/1992,11:03:23 AM,25.54,82,2/17/2017,Q1,H1,2017,2,February,Feb,17,Friday,Fri,0.44,184287,24%,474-55-2375,212-853-1265,Windham,Greene,Windham,NY,12496,Northeast,aofortenberry,AF6@+exveLgqJ}
392234,Dr.,Monty,D,Hail,M,monty.hail@gmail.com,Fausto Hail,Arletta Hail,Reedy,6/21/1960,12:35:06 AM,57.14,54,10/30/1983,Q4,H2,1983,10,October,Oct,30,Sunday,Sun,33.77,89286,9%,322-11-0608,339-255-1370,Springfield,Hampden,Springfield,MA,1138,Northeast,mdhail,F\q-/+0-OfEN8
444753,Ms.,Judith,G,Owen,F,judith.owen@gmail.com,Mauricio Owen,Margrett Owen,Bonin,2/14/1958,10:47:50 PM,59.49,47,5/17/1982,Q2,H1,1982,5,May,May,17,Monday,Mon,35.22,76503,13%,244-99-8820,207-252-4459,Biddeford,York,Biddeford,ME,4007,Northeast,jgowen,R@9p}adL
361359,Hon.,Laureen,Q,Lambert,F,laureen.lambert@exxonmobil.com,Roger Lambert,Carlee Lambert,Forest,2/23/1960,2:59:34 AM,57.47,52,7/31/2007,Q3,H2,2007,7,July,Jul,31,Tuesday,Tue,10,78201,6%,351-08-4760,217-920-8861,Chicago,Cook,Chicago,IL,60678,Midwest,lqlambert,M{SbIdMoK&n3M
777936,Ms.,Nila,W,Traylor,F,nila.traylor@yahoo.com,Teddy Traylor,Helena Traylor,Summerville,05-06-1972,9:59:03 AM,45.26,46,4/23/1998,Q2,H1,1998,4,April,Apr,23,Thursday,Thu,19.28,93058,22%,437-99-1434,212-404-1666,Rochester,Monroe,Rochester,NY,14608,Northeast,nwtraylor,HiN#Y-QQ;6&vo
529020,Dr.,Bernard,P,Bradshaw,M,bernard.bradshaw@yahoo.co.uk,Toby Bradshaw,Shirl Bradshaw,Dicarlo,8/18/1969,11:55:11 AM,47.98,70,3/31/2002,Q1,H1,2002,3,March,Mar,31,Sunday,Sun,15.34,98634,7%,224-99-5432,240-682-9499,Greenbelt,Prince George's,Greenbelt,MD,20770,South,bpbradshaw,4>105-7#Y
884439,Mrs.,Micheal,A,Sarmiento,F,micheal.sarmiento@aol.com,Cameron Sarmiento,Sena Sarmiento,Sansone,7/17/1965,4:08:59 AM,52.07,60,3/21/1991,Q1,H1,1991,3,March,Mar,21,Thursday,Thu,26.37,81467,14%,135-25-1858,314-960-1816,Bonne Terre,St. Francois,Bonne Terre,MO,63628,Midwest,masarmiento,U#s|@cHRzK&.
269950,Mr.,Seth,B,Bilodeau,M,seth.bilodeau@bellsouth.net,Barney Bilodeau,Thresa Bilodeau,Parsley,05-05-1975,6:33:01 PM,42.26,51,07-06-2002,Q3,H2,2002,7,July,Jul,6,Saturday,Sat,15.07,164287,25%,635-31-8665,231-279-6667,Lake Ann,Benzie,Lake Ann,MI,49650,Midwest,sbbilodeau,D#\-mK}?#emJ
258110,Ms.,Tai,O,Saavedra,F,tai.saavedra@hotmail.com,Dong Saavedra,Vada Saavedra,Tate,9/15/1995,9:44:17 AM,21.88,43,9/15/2016,Q3,H2,2016,9,September,Sep,15,Thursday,Thu,0.87,51872,1%,099-02-5730,215-358-8995,Westmoreland City,Westmoreland,Westmoreland City,PA,15692,Northeast,tosaavedra,HT|Ey$x/x3wnHGh
248437,Ms.,Tamra,A,Alessi,F,tamra.alessi@outlook.com,Raymundo Alessi,Maragaret Alessi,Kimmel,11/19/1977,12:01:01 AM,39.72,44,11-08-2004,Q4,H2,2004,11,November,Nov,8,Monday,Mon,12.73,90981,6%,623-85-6451,385-958-1406,Helper,Carbon,Helper,UT,84526,West,taalessi,a1w:>liL_POIge
357480,Ms.,Shenika,R,Crittenden,F,shenika.crittenden@walmart.com,Gerard Crittenden,Lashaun Crittenden,Carbone,10-09-1975,1:07:53 AM,41.83,54,5/27/1998,Q2,H1,1998,5,May,May,27,Wednesday,Wed,19.18,58060,3%,546-99-2214,225-868-7449,Powhatan,Natchitoches,Powhatan,LA,71066,South,srcrittenden,cKI*5o3~k$B|@
845835,Dr.,Bernard,Q,Fessler,M,bernard.fessler@hotmail.co.uk,Otha Fessler,Summer Fessler,Helton,7/31/1958,5:21:47 AM,59.03,63,4/17/1980,Q2,H1,1980,4,April,Apr,17,Thursday,Thu,37.3,93610,10%,479-41-2508,219-322-7409,South Milford,LaGrange,South Milford,IN,46786,Midwest,bqfessler,u:6CBt@J
878763,Mr.,Ernest,N,Chasse,M,ernest.chasse@gmail.com,Kirk Chasse,Judie Chasse,Winkler,10-11-1995,8:49:57 AM,21.81,87,7/16/2017,Q3,H2,2017,7,July,Jul,16,Sunday,Sun,0.03,86598,11%,108-98-6029,303-439-6575,Littleton,Douglas,Littleton,CO,80124,West,enchasse,v?ItY/4Y
452667,Mr.,Jeffery,D,Girard,M,jeffery.girard@outlook.com,James Girard,Maribel Girard,Coss,8/13/1972,10:33:47 PM,44.99,66,6/17/1998,Q2,H1,1998,6,June,Jun,17,Wednesday,Wed,19.13,78719,23%,484-41-0566,603-385-6031,Freedom,Carroll,Freedom,NH,3836,Northeast,jdgirard,kOeSM^zRS@S
879556,Prof.,Christoper,I,Moye,M,christoper.moye@aol.com,Clarence Moye,Lonnie Moye,Hearne,03-06-1992,10:45:26 AM,25.41,58,8/24/2013,Q3,H2,2013,8,August,Aug,24,Saturday,Sat,3.93,179104,3%,413-99-1985,319-859-5930,Oakville,Louisa,Oakville,IA,52646,Midwest,cimoye,SqLMo~V>io
541976,Mr.,Kelley,Z,Greening,M,kelley.greening@rediffmail.com,Benton Greening,Fawn Greening,Rousseau,2/26/1979,1:05:28 AM,38.44,81,6/22/2001,Q2,H1,2001,6,June,Jun,22,Friday,Fri,16.11,157705,18%,056-02-5142,215-615-1281,Gifford,McKean,Gifford,PA,16732,Northeast,kzgreening,JUd&WqL%HZ>aY
892120,Mrs.,Ernestine,U,Beall,F,ernestine.beall@aol.com,Sal Beall,Ashleigh Beall,Mooney,7/28/1972,11:43:08 AM,45.03,48,11/20/2005,Q4,H2,2005,11,November,Nov,20,Sunday,Sun,11.69,92635,4%,511-33-2006,215-994-0226,Doylesburg,Franklin,Doylesburg,PA,17219,Northeast,eubeall,f#dJW@*!B7>
662814,Mr.,Archie,R,Folse,M,archie.folse@outlook.com,Marcelo Folse,Akilah Folse,Earle,12/20/1992,12:04:02 PM,24.62,68,01-02-2016,Q1,H1,2016,1,January,Jan,2,Saturday,Sat,1.57,145647,5%,254-99-4830,209-591-4822,Strathmore,Tulare,Strathmore,CA,93267,West,arfolse,Z[NV$n4_{3?-
609576,Prof.,Ronny,C,Legault,M,ronny.legault@gmail.com,Albert Legault,Jessica Legault,Curley,4/30/1977,1:30:07 AM,40.27,68,05-02-2010,Q2,H1,2010,5,May,May,2,Sunday,Sun,7.24,83203,29%,710-18-4670,314-345-4329,Bates City,Lafayette,Bates City,MO,64011,Midwest,rclegault,L124@HVN
492759,Dr.,Eloy,V,Brune,M,eloy.brune@aol.com,Dwayne Brune,Jolyn Brune,Raymer,12/28/1972,12:12:23 AM,44.61,84,02-06-2015,Q1,H1,2015,2,February,Feb,6,Friday,Fri,2.47,170760,5%,657-36-8074,229-549-0978,Damascus,Damascus,Damascus,GA,39841,South,evbrune,yis46Ykl]zC&T+?
283912,Hon.,Melani,A,Ruelas,F,melani.ruelas@gmail.com,Tristan Ruelas,Silvana Ruelas,Reeve,01-04-1973,5:55:46 PM,44.59,55,8/15/2007,Q3,H2,2007,8,August,Aug,15,Wednesday,Wed,9.96,117415,9%,008-94-7237,803-594-8265,Johns Island,Charleston,Johns Island,SC,29457,South,maruelas,FuIG8[rn\Tj
532795,Mr.,Carlo,B,Shotwell,M,carlo.shotwell@gmail.com,Daryl Shotwell,Lavina Shotwell,Eggers,06-11-1993,4:01:35 PM,24.15,90,9/23/2015,Q3,H2,2015,9,September,Sep,23,Wednesday,Wed,1.85,79470,4%,355-08-1456,212-431-1725,New York City,New York,New York City,NY,10112,Northeast,cbshotwell,uL0eP[_3Mgx<RQT
863566,Prof.,Roland,Z,Antonio,M,roland.antonio@hotmail.com,James Antonio,Alexia Antonio,Bryant,5/28/1989,10:01:54 PM,28.19,76,01-08-2015,Q1,H1,2015,1,January,Jan,8,Thursday,Thu,2.55,137241,22%,697-16-0179,209-559-2215,Brea,Brea,Brea,CA,92622,West,rzantonio,Bb|Xe%KR7:TNDY
361215,Mrs.,Lisa,G,Wick,F,lisa.wick@gmail.com,Heath Wick,Yun Wick,Bramble,12/25/1995,7:03:09 AM,21.61,46,5/17/2017,Q2,H1,2017,5,May,May,17,Wednesday,Wed,0.2,162121,26%,128-98-0472,423-540-1697,Memphis,Memphis,Memphis,TN,37544,South,lgwick,a>_tar\<yP
787265,Prof.,Frankie,S,Owings,M,frankie.owings@yahoo.co.in,Roberto Owings,Katy Owings,Sunderland,6/15/1993,2:17:38 AM,24.13,57,05-10-2017,Q2,H1,2017,5,May,May,10,Wednesday,Wed,0.22,42901,10%,497-29-4210,314-538-1516,Sturgeon,Boone,Sturgeon,MO,65284,Midwest,fsowings,z#0PZS2Z/0o&tWm
696561,Mr.,Joe,K,Gowan,M,joe.gowan@comcast.net,Jarod Gowan,Alecia Gowan,Short,4/20/1980,8:04:37 PM,37.3,88,09-06-2013,Q3,H2,2013,9,September,Sep,6,Friday,Fri,3.89,164300,27%,420-67-2813,236-683-3184,Blackstone,Blackstone,Blackstone,VA,23825,South,jkgowan,PT5gTRy*\[N9
906336,Ms.,Melisa,Z,Lomas,F,melisa.lomas@msn.com,Doug Lomas,Margit Lomas,Lasky,10/29/1967,12:11:11 AM,49.78,45,5/25/1998,Q2,H1,1998,5,May,May,25,Monday,Mon,19.19,178886,8%,181-86-9822,205-562-1660,Mobile,Mobile,Mobile,AL,36631,South,mzlomas,hsht/jV6
630690,Drs.,Jerilyn,J,Decker,F,jerilyn.decker@yahoo.com,Marcos Decker,Hortencia Decker,Newcomer,8/26/1970,11:20:24 PM,46.95,45,4/15/2014,Q2,H1,2014,4,April,Apr,15,Tuesday,Tue,3.29,148791,6%,471-57-4154,216-629-1132,West Farmington,Trumbull,West Farmington,OH,44491,Midwest,jjdecker,CLEV@W\fQ}z
785482,Mr.,Geoffrey,J,Lemmons,M,geoffrey.lemmons@gmail.com,Elvin Lemmons,Martin Lemmons,Desmarais,3/25/1960,7:46:27 PM,57.38,64,3/15/2008,Q1,H1,2008,3,March,Mar,15,Saturday,Sat,9.38,108088,15%,252-99-9315,339-946-3297,West Barnstable,Barnstable,West Barnstable,MA,2668,Northeast,gjlemmons,Yy?/i@O4nE>
281990,Drs.,Karima,S,Walz,F,karima.walz@sbcglobal.net,Roland Walz,Antonietta Walz,Hankins,1/29/1992,11:41:59 AM,25.51,48,9/17/2013,Q3,H2,2013,9,September,Sep,17,Tuesday,Tue,3.86,93153,3%,075-02-6425,205-251-8144,Linden,Marengo,Linden,AL,36748,South,kswalz,bpCP-|+dGC]M?
965373,Hon.,Trey,M,Joshua,M,trey.joshua@hotmail.com,Eusebio Joshua,Liliana Joshua,Lamoureux,08-09-1986,1:12:11 AM,30.99,90,07-08-2012,Q3,H2,2012,7,July,Jul,8,Sunday,Sun,5.06,59082,19%,256-99-1323,239-338-7233,Opa Locka,Miami-Dade,Opa Locka,FL,33055,South,tmjoshua,WVl$eh#RC^8
674284,Mrs.,Kina,B,Mcvay,F,kina.mcvay@hotmail.com,Marshall Mcvay,Letisha Mcvay,Caruthers,6/20/1978,12:45:43 PM,39.13,58,08-04-2012,Q3,H2,2012,8,August,Aug,4,Saturday,Sat,4.98,107926,7%,249-99-8599,304-882-9478,Huntington,Cabell,Huntington,WV,25708,South,kbmcvay,yJsrvQDcJF_cS.
214814,Dr.,Sherman,C,Coward,M,sherman.coward@gmail.com,Williams Coward,Latonya Coward,Wan,12/25/1982,9:06:20 PM,34.61,54,12/19/2004,Q4,H2,2004,12,December,Dec,19,Sunday,Sun,12.61,191501,11%,756-12-7850,304-268-9429,Delbarton,Mingo,Delbarton,WV,25670,South,sccoward,dlBkX[WO315A{
869212,Mr.,Refugio,G,Bechtold,M,refugio.bechtold@gmail.com,Terry Bechtold,Stefania Bechtold,Ahlers,03-04-1963,10:50:53 PM,54.44,84,11/22/1987,Q4,H2,1987,11,November,Nov,22,Sunday,Sun,29.7,160455,22%,428-99-9971,210-262-8051,Gilmer,Upshur,Gilmer,TX,75644,South,rgbechtold,1NLJoTTRgW
133611,Dr.,Felix,W,Imhoff,M,felix.imhoff@charter.net,Victor Imhoff,Irina Imhoff,Levasseur,01-09-1962,12:13:26 AM,55.59,81,06-03-1985,Q2,H1,1985,6,June,Jun,3,Monday,Mon,32.17,64560,16%,299-15-3804,205-298-6005,Needham,Choctaw,Needham,AL,36915,South,fwimhoff,h1bbZ1aH<s4
602077,Dr.,Sammie,D,Irick,M,sammie.irick@charter.net,Renato Irick,Tommy Irick,Mayers,7/16/1967,1:56:55 PM,50.07,80,07-12-2009,Q3,H2,2009,7,July,Jul,12,Sunday,Sun,8.05,149343,23%,647-21-5942,217-690-9432,Philo,Champaign,Philo,IL,61864,Midwest,sdirick,u1_O2kLd&H
356131,Hon.,Dominick,I,Yager,M,dominick.yager@aol.com,Amado Yager,Deborah Yager,Bello,5/20/1984,9:02:29 PM,33.21,70,12/18/2009,Q4,H2,2009,12,December,Dec,18,Friday,Fri,7.61,93696,18%,567-99-9020,262-374-8234,Elroy,Juneau,Elroy,WI,53929,Midwest,diyager,Mo/a0#{hlizmsA
893395,Ms.,Tatiana,I,Badillo,F,tatiana.badillo@walmart.com,Charlie Badillo,Rikki Badillo,Bodnar,03-10-1977,5:08:42 AM,40.41,57,4/23/2012,Q2,H1,2012,4,April,Apr,23,Monday,Mon,5.27,94534,8%,285-15-6291,209-371-6850,Farmington,San Joaquin,Farmington,CA,95230,West,tibadillo,HkWmAeEv]b$S
716662,Mr.,Ted,M,Baggett,M,ted.baggett@yahoo.ca,Jerry Baggett,Clarice Baggett,Gravely,12-06-1983,1:00:35 AM,33.67,85,02-02-2013,Q1,H1,2013,2,February,Feb,2,Saturday,Sat,4.48,100330,13%,236-55-2800,229-575-7546,Hillsboro,Jasper,Hillsboro,GA,31038,South,tmbaggett,5{amhC?V
663907,Mr.,Alec,Q,Odaniel,M,alec.odaniel@sbcglobal.net,Dorian Odaniel,Coreen Odaniel,Hovis,12/17/1966,8:34:32 AM,50.65,74,9/20/1991,Q3,H2,1991,9,September,Sep,20,Friday,Fri,25.87,88011,11%,196-84-5971,405-469-6189,Leflore,Le Flore,Leflore,OK,74942,South,aqodaniel,f#C/bJr~>P*bd
293254,Mrs.,Gricelda,U,Hower,F,gricelda.hower@microsoft.com,Brad Hower,Estrella Hower,Dortch,6/19/1992,2:41:05 AM,25.12,58,7/18/2017,Q3,H2,2017,7,July,Jul,18,Tuesday,Tue,0.03,179761,27%,027-92-0935,423-362-0530,Flag Pond,Unicoi,Flag Pond,TN,37657,South,guhower,8+h}$e2[a
936407,Mr.,Hung,H,Ontiveros,M,hung.ontiveros@hotmail.com,Ricardo Ontiveros,Rachell Ontiveros,Rizzo,8/14/1974,3:06:06 PM,42.98,62,04-04-1997,Q2,H1,1997,4,April,Apr,4,Friday,Fri,20.33,170128,5%,714-18-8376,217-955-0988,Eleroy,Stephenson,Eleroy,IL,61027,Midwest,hhontiveros,fu]2U#go$[75T}g
357807,Hon.,Noe,V,Stanger,M,noe.stanger@verizon.net,Emmitt Stanger,Leda Stanger,Dickerson,06-09-1984,7:56:26 PM,33.16,77,12-06-2016,Q4,H2,2016,12,December,Dec,6,Tuesday,Tue,0.64,192182,20%,520-61-5247,236-530-3927,The Plains,The Plains,The Plains,VA,22171,South,nvstanger,r!j~^yYv8G
874367,Mr.,Omar,J,Chadwick,M,omar.chadwick@ntlworld.com,Donnie Chadwick,Brook Chadwick,Jefferson,5/23/1989,3:55:32 PM,28.2,69,9/18/2013,Q3,H2,2013,9,September,Sep,18,Wednesday,Wed,3.86,176559,10%,031-92-1134,339-360-7443,Lynnfield,Essex,Lynnfield,MA,1940,Northeast,ojchadwick,w+qxHs1JaM@Pr;^
704625,Ms.,Adena,W,Engram,F,adena.engram@gmail.com,Mathew Engram,Esperanza Engram,Showers,3/26/1965,5:03:29 PM,52.38,57,10/16/2006,Q4,H2,2006,10,October,Oct,16,Monday,Mon,10.79,141816,11%,316-35-5611,270-855-9637,Hyden,Leslie,Hyden,KY,41749,South,awengram,byh7?]].P@Ub
351818,Ms.,Vickie,P,Reimer,F,vickie.reimer@comcast.net,Edgar Reimer,Numbers Reimer,Mckinley,3/16/1967,6:40:24 PM,50.4,48,03-04-2010,Q1,H1,2010,3,March,Mar,4,Thursday,Thu,7.41,120879,20%,483-41-4377,303-619-9407,Littleton,Arapahoe,Littleton,CO,80161,West,vpreimer,u.~$AV9QU6
385228,Mrs.,Keshia,R,Clyburn,F,keshia.clyburn@yahoo.co.uk,Hassan Clyburn,Coletta Clyburn,Boulware,04-12-1991,2:13:16 PM,26.31,59,1/23/2014,Q1,H1,2014,1,January,Jan,23,Thursday,Thu,3.51,69187,19%,654-38-4491,423-847-9717,Arnold Afb,Coffee,Arnold Afb,TN,37389,South,krclyburn,b#a6lWFI[
860032,Prof.,Rueben,T,Peloquin,M,rueben.peloquin@gmail.com,Olen Peloquin,Arlena Peloquin,Mcnally,7/29/1972,6:26:17 PM,45.03,76,2/22/1994,Q1,H1,1994,2,February,Feb,22,Tuesday,Tue,23.44,117767,9%,137-25-1532,206-229-3390,Underwood,Skamania,Underwood,WA,98651,West,rtpeloquin,S.1!O70G\qJmr.\
766077,Drs.,Tangela,A,Woody,F,tangela.woody@ntlworld.com,Charles Woody,Maritza Woody,Schuck,01-12-1966,8:58:35 AM,51.58,43,04-02-2017,Q2,H1,2017,4,April,Apr,2,Sunday,Sun,0.32,41509,30%,550-99-3971,217-399-1379,Elmhurst,DuPage,Elmhurst,IL,60126,Midwest,tawoody,7vXr/RMcIXs
334344,Ms.,Erika,J,Mackinnon,F,erika.mackinnon@walmart.com,Erin Mackinnon,Enid Mackinnon,Wimmer,6/23/1979,12:04:10 PM,38.12,50,08-07-2006,Q3,H2,2006,8,August,Aug,7,Monday,Mon,10.98,171835,12%,597-92-2598,210-392-3555,La Coste,Medina,La Coste,TX,78039,South,ejmackinnon,XW-o_$c}
159220,Mr.,Granville,A,Wortman,M,granville.wortman@gmail.com,Giuseppe Wortman,Maxine Wortman,Jewett,5/17/1991,4:25:25 AM,26.22,74,1/26/2014,Q1,H1,2014,1,January,Jan,26,Sunday,Sun,3.5,66201,22%,669-48-5284,228-936-1989,Gallman,Copiah,Gallman,MS,39077,South,gawortman,UbAYc<A9
817786,Mr.,Elden,Z,Ordonez,M,elden.ordonez@gmail.com,Stuart Ordonez,Kisha Ordonez,Staggs,9/22/1993,12:38:50 AM,23.86,75,10-04-2015,Q4,H2,2015,10,October,Oct,4,Sunday,Sun,1.82,197078,10%,095-02-9924,218-567-6725,Crosslake,Crow Wing,Crosslake,MN,56442,Midwest,ezordonez,W_N@-G\]ebaf
609177,Ms.,Rosaria,P,Buettner,F,rosaria.buettner@gmail.com,Elwood Buettner,Antionette Buettner,Mcghee,03-10-1988,11:13:35 PM,29.4,59,3/27/2009,Q1,H1,2009,3,March,Mar,27,Friday,Fri,8.34,112525,11%,762-12-0845,215-967-4072,Jessup,Lackawanna,Jessup,PA,18434,Northeast,rpbuettner,y$O\19}D;lUSv
989292,Ms.,Mariela,A,Santoyo,F,mariela.santoyo@yahoo.com,Stephan Santoyo,Laci Santoyo,Labonte,4/15/1990,12:47:06 AM,27.3,45,6/29/2011,Q2,H1,2011,6,June,Jun,29,Wednesday,Wed,6.08,191952,5%,540-83-6500,201-325-7376,Oak Ridge,Passaic,Oak Ridge,NJ,7438,Northeast,masantoyo,z@/|jcOfu&r
530532,Ms.,Peter,W,Mercer,F,peter.mercer@sbcglobal.net,Derrick Mercer,Hanh Mercer,Eisenberg,4/24/1989,11:07:57 PM,28.28,58,9/29/2010,Q3,H2,2010,9,September,Sep,29,Wednesday,Wed,6.83,146358,30%,397-33-8781,212-532-0310,Staten Island,Richmond,Staten Island,NY,10306,Northeast,pwmercer,P3C]f}[!U>
917607,Dr.,Odis,F,Theis,M,odis.theis@gmail.com,Sterling Theis,Merlene Theis,Mccarthy,03-12-1977,4:22:23 AM,40.41,56,11/24/2013,Q4,H2,2013,11,November,Nov,24,Sunday,Sun,3.68,55083,8%,607-87-6727,209-991-2644,Harmony,San Luis Obispo,Harmony,CA,93435,West,oftheis,i1>MxM~;Ww3vUcM
446216,Dr.,Hector,Y,Knott,M,hector.knott@microsoft.com,Robby Knott,Ozie Knott,Bova,6/23/1974,8:49:50 PM,43.13,72,1/14/2009,Q1,H1,2009,1,January,Jan,14,Wednesday,Wed,8.54,123075,24%,340-11-9967,231-756-8538,Rochester,Oakland,Rochester,MI,48309,Midwest,hyknott,YQL;Ez|3aPwUw
402001,Ms.,Dorris,I,Vaught,F,dorris.vaught@gmail.com,Mose Vaught,Christy Vaught,Goodrum,4/16/1991,10:53:07 PM,26.3,52,2/22/2017,Q1,H1,2017,2,February,Feb,22,Wednesday,Wed,0.43,166591,22%,518-89-9704,239-699-7316,Tampa,Hillsborough,Tampa,FL,33663,South,divaught,p*tQ%+|^~
409810,Ms.,Kris,H,Shotwell,F,kris.shotwell@hotmail.com,Edmond Shotwell,Regenia Shotwell,Cash,11-08-1987,2:00:51 PM,29.74,44,1/23/2016,Q1,H1,2016,1,January,Jan,23,Saturday,Sat,1.51,83573,10%,197-84-7548,219-295-6751,Webster,Wayne,Webster,IN,47392,Midwest,khshotwell,8O3F+9>B$OrN@o
927560,Mr.,Long,F,Hudspeth,M,long.hudspeth@gmail.com,Royce Hudspeth,Casimira Hudspeth,Burleson,10/15/1986,4:11:58 PM,30.81,61,1/22/2017,Q1,H1,2017,1,January,Jan,22,Sunday,Sun,0.51,60039,9%,443-27-5010,228-441-8841,Utica,Hinds,Utica,MS,39175,South,lfhudspeth,KNs<0^$c?aVKN&
806331,Mr.,Vincenzo,L,Whiteley,M,vincenzo.whiteley@hotmail.com,Ricky Whiteley,Georgene Whiteley,Wurth,07-05-1992,7:40:03 PM,25.08,72,12-04-2013,Q4,H2,2013,12,December,Dec,4,Wednesday,Wed,3.65,58403,11%,447-27-8979,229-389-8098,Tiger,Rabun,Tiger,GA,30576,South,vlwhiteley,t6!/fL7W/.
151735,Mr.,Reyes,N,Holmes,M,reyes.holmes@hotmail.com,Stanford Holmes,Tammi Holmes,Murchison,06-04-1967,6:38:44 PM,50.18,75,12/20/2007,Q4,H2,2007,12,December,Dec,20,Thursday,Thu,9.61,70020,2%,719-18-0984,314-216-2321,Saint Louis,St. Louis (city),Saint Louis,MO,63113,Midwest,rnholmes,eDri7c;vp.sm8/6
670371,Mrs.,Deedra,X,Bosch,F,deedra.bosch@gmail.com,Teodoro Bosch,Louise Bosch,Tabb,06-10-1968,12:59:13 AM,49.16,46,12/16/2004,Q4,H2,2004,12,December,Dec,16,Thursday,Thu,12.62,165045,2%,235-57-0554,209-810-5884,Madera,Madera,Madera,CA,93636,West,dxbosch,Pjqrc/r<1r1C
949914,Drs.,Jaunita,F,Mcmorris,F,jaunita.mcmorris@gmail.com,Julius Mcmorris,Sheryl Mcmorris,Shoop,06-10-1972,5:59:31 AM,45.16,46,7/29/1996,Q3,H2,1996,7,July,Jul,29,Monday,Mon,21.01,160352,26%,249-99-5502,217-783-5514,Oak Brook,DuPage,Oak Brook,IL,60523,Midwest,jfmcmorris,Ltwrlt?vBfJx-TW
327161,Drs.,Kam,G,Hazel,F,kam.hazel@hotmail.com,Dean Hazel,Corrinne Hazel,Bouffard,5/29/1981,11:25:41 PM,36.19,56,07-10-2012,Q3,H2,2012,7,July,Jul,10,Tuesday,Tue,5.05,43286,23%,079-02-4430,319-812-8571,Andrew,Jackson,Andrew,IA,52030,Midwest,kghazel,Wd&@hz<TYbz
381129,Drs.,Flavia,T,Kowalski,F,flavia.kowalski@hotmail.com,Kory Kowalski,Sheri Kowalski,Koonce,5/19/1994,8:11:38 PM,23.21,55,6/29/2017,Q2,H1,2017,6,June,Jun,29,Thursday,Thu,0.08,97912,0%,538-71-9268,252-905-3835,Durham,Durham,Durham,NC,27708,South,ftkowalski,ugJGX:-*]7
273207,Mr.,Mike,L,Rohr,M,mike.rohr@gmail.com,Mac Rohr,Curtis Rohr,Catlin,8/24/1988,10:47:53 AM,28.95,56,1/23/2012,Q1,H1,2012,1,January,Jan,23,Monday,Mon,5.52,173750,8%,450-99-8172,206-285-4778,Sprague,Lincoln,Sprague,WA,99032,West,mlrohr,qP^|Ja76EBX
601692,Mr.,Bret,A,Beall,M,bret.beall@hotmail.com,Jarred Beall,Kim Beall,Caudle,7/24/1984,5:01:03 PM,33.03,77,4/28/2017,Q2,H1,2017,4,April,Apr,28,Friday,Fri,0.25,57086,18%,273-17-1586,219-608-5355,Tennyson,Warrick,Tennyson,IN,47637,Midwest,babeall,X3_jo|*rk#|Lo2
879855,Mrs.,Adrian,Y,Rayborn,F,adrian.rayborn@gmail.com,German Rayborn,Aleen Rayborn,Hudgins,2/28/1966,5:36:41 AM,51.45,46,10/26/2013,Q4,H2,2013,10,October,Oct,26,Saturday,Sat,3.76,144529,23%,678-22-6773,423-999-8278,Red Boiling Springs,Macon,Red Boiling Springs,TN,37150,South,ayrayborn,18<$Tnz}|QT
421181,Mrs.,Sidney,X,Lindstrom,F,sidney.lindstrom@cox.net,Williams Lindstrom,Vanetta Lindstrom,Canter,3/29/1985,12:39:35 AM,32.35,52,06-08-2017,Q2,H1,2017,6,June,Jun,8,Thursday,Thu,0.14,139848,18%,124-98-8645,314-820-5803,Vandalia,Audrain,Vandalia,MO,63382,Midwest,sxlindstrom,9[C-6Zer2H_lV&
614206,Hon.,Mitchel,T,Ness,M,mitchel.ness@hotmail.co.uk,Elias Ness,Sarai Ness,Houck,10/18/1967,3:38:10 AM,49.81,88,10-04-2011,Q4,H2,2011,10,October,Oct,4,Tuesday,Tue,5.82,170951,27%,568-99-7188,219-557-3004,Kimmell,Noble,Kimmell,IN,46760,Midwest,mtness,C.$V6m[wW1AWc
195233,Mr.,Carlton,D,Jalbert,M,carlton.jalbert@shaw.ca,Wilber Jalbert,Reagan Jalbert,Laing,09-08-1959,5:58:09 AM,57.93,58,02-05-2013,Q1,H1,2013,2,February,Feb,5,Tuesday,Tue,4.48,56462,23%,362-39-4302,212-532-3562,New Berlin,Chenango,New Berlin,NY,13411,Northeast,cdjalbert,A#qgF09Hi0C
471845,Ms.,Jeanett,N,Darden,F,jeanett.darden@gmail.com,Adolfo Darden,Olinda Darden,Stromberg,03-09-1960,8:54:19 PM,57.42,49,6/17/1988,Q2,H1,1988,6,June,Jun,17,Friday,Fri,29.13,53469,12%,073-02-5369,252-345-8040,Charlotte,Mecklenburg,Charlotte,NC,28261,South,jndarden,Kq%HsO7OTkr@pQy
527371,Ms.,Kenya,J,Irizarry,F,kenya.irizarry@hotmail.co.uk,Alonso Irizarry,Zaida Irizarry,Stewart,10/23/1982,5:29:31 AM,34.79,41,11/13/2016,Q4,H2,2016,11,November,Nov,13,Sunday,Sun,0.7,91814,11%,349-08-3359,701-539-4671,Denhoff,Sheridan,Denhoff,ND,58430,Midwest,kjirizarry,id3Ij+;Lx
315817,Mrs.,Marti,W,Brewton,F,marti.brewton@gmail.com,Anton Brewton,Madelyn Brewton,Sublett,4/16/1979,7:11:55 PM,38.31,42,6/22/2015,Q2,H1,2015,6,June,Jun,22,Monday,Mon,2.1,198686,24%,111-98-5790,216-684-2632,Nashville,Holmes,Nashville,OH,44661,Midwest,mwbrewton,N{sYLQnYx#GG>U_
363186,Mrs.,Lynsey,Q,Hairston,F,lynsey.hairston@walmart.com,Harland Hairston,Rosy Hairston,Rathbone,10/21/1973,12:26:44 PM,43.8,59,9/23/2005,Q3,H2,2005,9,September,Sep,23,Friday,Fri,11.85,42358,25%,703-18-7347,480-396-7828,Claypool,Gila,Claypool,AZ,85532,West,lqhairston,Q:X@f-eT
594072,Ms.,Lauran,V,Paradise,F,lauran.paradise@verizon.net,Morris Paradise,Aiko Paradise,Kitchen,10/25/1984,10:53:25 PM,32.78,57,8/24/2011,Q3,H2,2011,8,August,Aug,24,Wednesday,Wed,5.93,88478,6%,031-92-3484,209-675-1177,Glendora,Los Angeles,Glendora,CA,91740,West,lvparadise,3OF{0}fDP;w
282436,Prof.,Darin,J,Deegan,M,darin.deegan@hotmail.com,Seth Deegan,Rina Deegan,Hanson,3/18/1984,3:56:53 PM,33.38,62,3/24/2012,Q1,H1,2012,3,March,Mar,24,Saturday,Sat,5.35,48702,9%,539-71-2808,212-666-9385,Glenham,Dutchess,Glenham,NY,12527,Northeast,djdeegan,3S[G2m6a8AD*A
907609,Dr.,Ervin,J,Wescott,M,ervin.wescott@ibm.com,Melvin Wescott,Drew Wescott,Tobar,4/16/1958,10:53:49 AM,59.32,65,9/27/1980,Q3,H2,1980,9,September,Sep,27,Saturday,Sat,36.86,182279,5%,653-60-8570,304-752-8232,Ovapa,Clay,Ovapa,WV,25150,South,ejwescott,zfnN?v/IE&k+<P+
127957,Ms.,Nelia,T,Lopez,F,nelia.lopez@gmail.com,Carmen Lopez,Mercy Lopez,Scheer,01-09-1989,2:34:00 PM,28.57,41,07-09-2011,Q3,H2,2011,7,July,Jul,9,Saturday,Sat,6.06,88806,6%,347-08-2073,270-967-8350,Louisville,Jefferson,Louisville,KY,40290,South,ntlopez,5u3f<8iM5JNlWlu
457092,Hon.,Forrest,V,Wille,M,forrest.wille@gmail.com,Von Wille,Lorie Wille,Ellison,11-12-1971,8:45:44 PM,45.74,59,7/18/2005,Q3,H2,2005,7,July,Jul,18,Monday,Mon,12.04,157455,20%,234-57-3290,304-234-3508,Superior,Superior,Superior,WV,24886,South,fvwille,PNU%2VY?n
776926,Dr.,Hans,L,Haggard,M,hans.haggard@gmail.com,Oren Haggard,Jama Haggard,Lien,5/20/1960,3:50:15 PM,57.23,80,06-12-2002,Q2,H1,2002,6,June,Jun,12,Wednesday,Wed,15.14,56812,15%,010-94-6547,228-728-1390,Algoma,Pontotoc,Algoma,MS,38820,South,hlhaggard,GP.9Ey;uxs
284601,Mr.,Felton,B,Tooley,M,felton.tooley@aol.com,Ferdinand Tooley,Beatriz Tooley,Blanchard,1/14/1994,6:19:59 PM,23.55,79,05-04-2017,Q2,H1,2017,5,May,May,4,Thursday,Thu,0.23,192833,8%,532-71-1533,228-870-6874,Terry,Hinds,Terry,MS,39170,South,fbtooley,3op0oF&VJ
526711,Mrs.,Kathryn,C,Katz,F,kathryn.katz@gmail.com,Bill Katz,Thalia Katz,Moxley,12/26/1989,9:02:41 AM,27.61,43,9/22/2015,Q3,H2,2015,9,September,Sep,22,Tuesday,Tue,1.85,152496,12%,188-86-2488,605-935-7823,Houghton,Brown,Houghton,SD,57449,Midwest,kckatz,k;GWE<f[Ye:Be
338304,Prof.,Filiberto,P,Mccaffrey,M,filiberto.mccaffrey@yahoo.com,Ira Mccaffrey,Herminia Mccaffrey,Helm,12/24/1977,7:31:42 AM,39.62,81,3/27/2006,Q1,H1,2006,3,March,Mar,27,Monday,Mon,11.35,40330,1%,510-33-0869,216-495-3355,Columbus,Franklin,Columbus,OH,43299,Midwest,fpmccaffrey,Q*-B[CF~3
789756,Mr.,Javier,A,Avelar,M,javier.avelar@yahoo.co.in,Glenn Avelar,Marquerite Avelar,Parris,07-01-1992,4:45:13 PM,25.09,90,6/24/2014,Q2,H1,2014,6,June,Jun,24,Tuesday,Tue,3.1,66348,20%,312-35-9289,339-380-4630,Northampton,Hampshire,Northampton,MA,1061,Northeast,jaavelar,p@O/3iwZ]q|&5lM
610043,Mr.,Josue,Y,Engstrom,M,josue.engstrom@gmail.com,Edmundo Engstrom,Eugenia Engstrom,Redford,7/28/1959,11:04:39 AM,58.04,63,9/23/2008,Q3,H2,2008,9,September,Sep,23,Tuesday,Tue,8.85,109732,2%,138-25-7082,405-873-8130,Langston,Logan,Langston,OK,73050,South,jyengstrom,ODNfgQgu51uB+V
458590,Hon.,Diego,X,Coombs,M,diego.coombs@yahoo.com,Rodrigo Coombs,Lore Coombs,Rye,5/19/1964,7:08:33 AM,53.23,50,02-01-2001,Q1,H1,2001,2,February,Feb,1,Thursday,Thu,16.5,125273,10%,756-12-0259,262-216-1443,Holmen,La Crosse,Holmen,WI,54636,Midwest,dxcoombs,qWQM#m}DhnaL
706947,Hon.,Elden,E,Nadeau,M,elden.nadeau@gmail.com,Geraldo Nadeau,Maryalice Nadeau,Carraway,4/22/1970,12:21:15 AM,47.3,82,06-09-1995,Q2,H1,1995,6,June,Jun,9,Friday,Fri,22.15,191570,12%,110-98-1203,209-955-1537,Chico,Butte,Chico,CA,95928,West,eenadeau,eEDG+yCx+OT&O
302101,Hon.,Stefania,M,Sublett,F,stefania.sublett@ibm.com,Harley Sublett,Myung Sublett,Lunde,8/19/1979,1:11:26 PM,37.97,59,7/13/2014,Q3,H2,2014,7,July,Jul,13,Sunday,Sun,3.04,83922,7%,721-18-5902,314-801-5551,Kansas City,Jackson,Kansas City,MO,64124,Midwest,smsublett,I@AbEEba
440411,Drs.,Nydia,D,Flake,F,nydia.flake@hotmail.com,Zack Flake,Winter Flake,Bashaw,12/18/1959,12:36:21 AM,57.65,53,04-08-1981,Q2,H1,1981,4,April,Apr,8,Wednesday,Wed,36.33,123144,20%,406-73-9033,205-421-4069,East Tallassee,Tallapoosa,East Tallassee,AL,36023,South,ndflake,p8aBn/Y~;b
754161,Mrs.,Mariko,R,Colombo,F,mariko.colombo@hotmail.com,Brent Colombo,Karen Colombo,Cardoza,5/26/1961,12:15:06 AM,56.21,52,1/20/1990,Q1,H1,1990,1,January,Jan,20,Saturday,Sat,27.54,86640,29%,588-09-9705,314-252-6903,Cedarcreek,Taney,Cedarcreek,MO,65627,Midwest,mrcolombo,A8zp2Pc/7I
682431,Mr.,Luigi,Y,Gutshall,M,luigi.gutshall@apple.com,Thanh Gutshall,Charissa Gutshall,Smith,11-10-1962,7:10:06 AM,54.75,84,10-11-1991,Q4,H2,1991,10,October,Oct,11,Friday,Fri,25.81,182665,25%,720-18-3185,219-837-1376,Sullivan,Sullivan,Sullivan,IN,47882,Midwest,lygutshall,Z.x-f3nT0
677948,Mrs.,Dora,I,Trantham,F,dora.trantham@aol.com,Sal Trantham,Mabel Trantham,Botts,1/23/1970,10:09:04 PM,47.54,55,08-09-1993,Q3,H2,1993,8,August,Aug,9,Monday,Mon,23.98,45050,15%,466-99-6411,228-693-3100,Shuqualak,Noxubee,Shuqualak,MS,39361,South,ditrantham,c9_:;mpR
405969,Mrs.,Lyn,O,Hayman,F,lyn.hayman@aol.com,Man Hayman,Xochitl Hayman,Werth,1/16/1962,9:34:07 AM,55.57,48,5/16/2007,Q2,H1,2007,5,May,May,16,Wednesday,Wed,10.21,156515,13%,542-81-7606,262-599-9261,Sun Prairie,Dane,Sun Prairie,WI,53591,Midwest,lohayman,23D%7zQt*#tn;z
467080,Mr.,Dane,Y,Lomeli,M,dane.lomeli@gmail.com,Carol Lomeli,Young Lomeli,Auten,4/24/1994,3:33:34 PM,23.28,59,03-07-2016,Q1,H1,2016,3,March,Mar,7,Monday,Mon,1.39,116255,28%,187-86-2806,218-907-4400,Roseau,Roseau,Roseau,MN,56751,Midwest,dylomeli,slPi$}Wc1WSW
270454,Mr.,Collin,A,Hart,M,collin.hart@gmail.com,Brant Hart,Suzanne Hart,Robison,02-06-1958,12:30:02 PM,59.51,81,1/13/2015,Q1,H1,2015,1,January,Jan,13,Tuesday,Tue,2.54,64641,30%,389-33-4614,503-387-8689,Scotts Mills,Marion,Scotts Mills,OR,97375,West,cahart,OhKbgy$0|
622430,Mr.,David,P,Krohn,M,david.krohn@hotmail.com,Jamal Krohn,Leigha Krohn,Kavanagh,11/21/1985,12:58:18 AM,31.7,82,03-11-2016,Q1,H1,2016,3,March,Mar,11,Friday,Fri,1.38,46659,2%,282-15-0996,216-785-8719,Plymouth,Richland,Plymouth,OH,44865,Midwest,dpkrohn,ecZY@gt!YIIcFjD
224652,Mr.,Theron,G,Nugent,M,theron.nugent@outlook.com,Burton Nugent,Aide Nugent,Stotts,10/14/1969,8:13:02 AM,47.82,71,11/30/1991,Q4,H2,1991,11,November,Nov,30,Saturday,Sat,25.68,129073,29%,315-35-4426,480-515-0778,Tucson,Pima,Tucson,AZ,85739,West,tgnugent,sU7XlqIZ>
499094,Dr.,Harry,K,Helmick,M,harry.helmick@btinternet.com,Damon Helmick,Teofila Helmick,Blood,12/26/1981,12:52:10 AM,35.61,65,11-01-2013,Q4,H2,2013,11,November,Nov,1,Friday,Fri,3.74,146431,27%,357-08-4193,215-274-6629,Coaldale,Schuylkill,Coaldale,PA,18218,Northeast,hkhelmick,a/zwhDWL
154664,Ms.,Kemberly,F,Steed,F,kemberly.steed@gmail.com,Samual Steed,Madie Steed,Matte,5/27/1966,10:37:44 PM,51.21,54,3/28/2016,Q1,H1,2016,3,March,Mar,28,Monday,Mon,1.33,170557,24%,385-37-7192,605-579-1801,Warner,Brown,Warner,SD,57479,Midwest,kfsteed,sdpyGnhjSjAN9b
362378,Drs.,Teresita,R,Virgil,F,teresita.virgil@hotmail.co.uk,Alberto Virgil,Jeanie Virgil,Vernon,7/22/1964,12:19:18 PM,53.05,55,3/26/2000,Q1,H1,2000,3,March,Mar,26,Sunday,Sun,17.35,139576,18%,120-98-4994,239-731-6357,Orlando,Orange,Orlando,FL,32889,South,trvirgil,C]t_v\;ViM
382626,Mr.,Martin,O,Groth,M,martin.groth@comcast.net,Joesph Groth,Krysta Groth,Rivera,11-09-1965,12:13:05 AM,51.75,60,03-09-2013,Q1,H1,2013,3,March,Mar,9,Saturday,Sat,4.39,98328,18%,006-11-7525,215-806-8188,Shenandoah,Schuylkill,Shenandoah,PA,17976,Northeast,mogroth,U+>g|b33T_UK+
336151,Hon.,Mandie,F,Lemmons,F,mandie.lemmons@shell.com,Marc Lemmons,Kamala Lemmons,Placencia,04-06-1963,9:51:34 AM,54.35,57,9/29/2010,Q3,H2,2010,9,September,Sep,29,Wednesday,Wed,6.83,174641,21%,762-12-6159,319-369-8786,Le Mars,Plymouth,Le Mars,IA,51031,Midwest,mflemmons,R{FvNGPCrQGlR
821660,Mr.,Gaston,U,Madden,M,gaston.madden@microsoft.com,Mathew Madden,Deana Madden,Eiland,7/24/1986,9:52:35 AM,31.03,84,07-01-2016,Q3,H2,2016,7,July,Jul,1,Friday,Fri,1.07,157999,20%,610-87-1531,210-409-1528,Lumberton,Lumberton,Lumberton,TX,77711,South,gumadden,3#TNkJ5?nMItj
715775,Mr.,Chung,C,Destefano,M,chung.destefano@aol.com,Thurman Destefano,Scott Destefano,Linville,3/23/1973,12:32:14 AM,44.38,69,8/29/1998,Q3,H2,1998,8,August,Aug,29,Saturday,Sat,18.93,161040,20%,647-21-3898,210-309-2457,Weatherford,Parker,Weatherford,TX,76087,South,ccdestefano,FWKOG4A3
481509,Mr.,Garland,C,Carter,M,garland.carter@gmail.com,Keenan Carter,Virginia Carter,Bosley,1/25/1970,3:36:10 AM,47.54,51,4/30/1994,Q2,H1,1994,4,April,Apr,30,Saturday,Sat,23.26,122573,25%,459-99-6342,219-531-3563,Zionsville,Boone,Zionsville,IN,46077,Midwest,gccarter,EX6DX0\OJ6B{H
340069,Mr.,Edmund,P,Otto,M,edmund.otto@bp.com,Kirby Otto,Marylynn Otto,Whitaker,7/16/1960,6:28:36 AM,57.07,75,12/20/1992,Q4,H2,1992,12,December,Dec,20,Sunday,Sun,24.62,196010,28%,606-87-3648,201-232-8565,Normandy Beach,Ocean,Normandy Beach,NJ,8739,Northeast,epotto,Ak]TWFP{VV9
130437,Ms.,Lia,Z,Meehan,F,lia.meehan@gmail.com,Preston Meehan,Siu Meehan,Mcgarry,4/28/1986,9:18:51 AM,31.27,58,10/13/2014,Q4,H2,2014,10,October,Oct,13,Monday,Mon,2.79,171587,13%,381-37-2147,803-600-1193,Greenwood,Greenwood,Greenwood,SC,29647,South,lzmeehan,6B%nS9Vj
605633,Mr.,Jesse,V,Kenny,M,jesse.kenny@yahoo.co.uk,Samuel Kenny,Magdalene Kenny,Plumlee,5/28/1994,7:09:41 AM,23.18,55,5/20/2017,Q2,H1,2017,5,May,May,20,Saturday,Sat,0.19,87190,2%,270-17-8357,210-423-5964,Rocksprings,Edwards,Rocksprings,TX,78880,South,jvkenny,dm33nvKx0h0~RM2
474478,Mr.,Mohamed,E,Mingo,M,mohamed.mingo@cox.net,Jacob Mingo,Karlyn Mingo,Houser,11/29/1980,1:56:24 PM,36.68,73,1/23/2009,Q1,H1,2009,1,January,Jan,23,Friday,Fri,8.52,163378,17%,046-15-6722,212-575-1473,Grand Island,Erie,Grand Island,NY,14072,Northeast,memingo,scpE/dUPB\|**8
706864,Prof.,Cleo,P,Cortes,M,cleo.cortes@aol.com,Felipe Cortes,Laureen Cortes,Cason,4/16/1960,1:35:19 PM,57.32,50,3/24/2012,Q1,H1,2012,3,March,Mar,24,Saturday,Sat,5.35,175822,27%,304-37-9263,270-929-6163,Pittsburg,Laurel,Pittsburg,KY,40755,South,cpcortes,An[Re;E4}os*8
881831,Hon.,Taneka,I,Wheat,F,taneka.wheat@hotmail.com,Dale Wheat,Sherell Wheat,Gehrke,10/30/1960,5:30:11 PM,56.78,53,10/20/1993,Q4,H2,1993,10,October,Oct,20,Wednesday,Wed,23.79,125470,5%,692-18-2463,206-698-6615,Spokane,Spokane,Spokane,WA,99228,West,tiwheat,Q|N}W#F}
129446,Ms.,Ninfa,U,Elliott,F,ninfa.elliott@aol.com,Adan Elliott,Maude Elliott,Labelle,06-02-1984,3:43:15 AM,33.18,42,4/27/2011,Q2,H1,2011,4,April,Apr,27,Wednesday,Wed,6.26,105578,8%,370-37-9178,316-301-8325,Arma,Crawford,Arma,KS,66712,Midwest,nuelliott,nQm+&Fph74JFu
346832,Mrs.,Elease,M,Gaitan,F,elease.gaitan@walmart.com,Levi Gaitan,Sallie Gaitan,Tait,1/24/1995,7:57:39 PM,22.52,57,12/26/2016,Q4,H2,2016,12,December,Dec,26,Monday,Mon,0.59,188097,27%,681-24-5915,314-947-8987,De Kalb,Buchanan,De Kalb,MO,64440,Midwest,emgaitan,Y[-^NL/&l
647312,Mr.,Bud,I,Cambell,M,bud.cambell@apple.com,August Cambell,Jaye Cambell,Roop,07-08-1971,5:59:08 PM,46.09,71,9/17/1997,Q3,H2,1997,9,September,Sep,17,Wednesday,Wed,19.87,62016,15%,548-99-8264,216-251-4273,Bradner,Wood,Bradner,OH,43406,Midwest,bicambell,geu94P\:7GYAXm
832406,Mr.,Jordan,O,Otoole,M,jordan.otoole@exxonmobil.com,Porter Otoole,Etha Otoole,Heim,02-08-1991,1:46:12 AM,26.48,58,6/15/2017,Q2,H1,2017,6,June,Jun,15,Thursday,Thu,0.12,145832,26%,443-27-9807,212-677-6115,Nicholville,St. Lawrence,Nicholville,NY,12965,Northeast,jootoole,2*|ZB[&D+
295298,Hon.,Anibal,L,Honeycutt,M,anibal.honeycutt@gmail.com,Travis Honeycutt,Hyun Honeycutt,Cullen,11-04-1970,9:48:24 AM,46.76,53,04-11-1999,Q2,H1,1999,4,April,Apr,11,Sunday,Sun,18.31,87658,0%,050-02-2322,209-497-3485,Los Angeles,Los Angeles,Los Angeles,CA,90082,West,alhoneycutt,wuGm}.<V\<l{1
907652,Mr.,Rene,Y,Sessoms,M,rene.sessoms@gmail.com,Margarito Sessoms,Johnnie Sessoms,Washington,11/16/1987,12:07:22 AM,29.72,90,07-05-2017,Q3,H2,2017,7,July,Jul,5,Wednesday,Wed,0.06,152364,24%,304-37-7579,209-782-5677,Mountain Ranch,Calaveras,Mountain Ranch,CA,95246,West,rysessoms,MPVJ$Kek
456388,Ms.,Vernice,A,Sarabia,F,vernice.sarabia@charter.net,Frances Sarabia,Ronna Sarabia,Elgin,4/16/1967,5:25:23 PM,50.32,59,04-11-2016,Q2,H1,2016,4,April,Apr,11,Monday,Mon,1.3,157690,23%,148-23-3565,252-215-8092,Fayetteville,Cumberland,Fayetteville,NC,28303,South,vasarabia,C<QGJ~9!2
708345,Mr.,Deshawn,M,Blanchard,M,deshawn.blanchard@aol.com,Dave Blanchard,Suzette Blanchard,Jaffe,09-07-1990,9:22:29 AM,26.91,85,6/18/2016,Q2,H1,2016,6,June,Jun,18,Saturday,Sat,1.11,93383,8%,192-86-0417,201-433-0513,Summit,Union,Summit,NJ,7901,Northeast,dmblanchard,t#IA*}:YPR&6*s
313530,Mr.,Chad,U,Beebe,M,chad.beebe@gmail.com,Bud Beebe,Kathline Beebe,Kohler,1/16/1994,12:19:32 AM,23.55,87,11-05-2016,Q4,H2,2016,11,November,Nov,5,Saturday,Sat,0.73,61291,9%,650-62-3907,240-689-7887,Linkwood,Dorchester,Linkwood,MD,21835,South,cubeebe,zK_D{syu
359249,Mr.,Olin,V,Warnke,M,olin.warnke@aol.com,Mauricio Warnke,Karima Warnke,Streeter,11-06-1971,8:44:35 AM,45.76,72,01-11-1996,Q1,H1,1996,1,January,Jan,11,Thursday,Thu,21.56,182597,14%,420-67-6778,339-440-3614,Watertown,Middlesex,Watertown,MA,2471,Northeast,ovwarnke,2r+FsHm8Nl%Y
249381,Prof.,Ahmad,X,Simonson,M,ahmad.simonson@gmail.com,Manuel Simonson,Mireille Simonson,Autry,03-08-1982,1:09:01 PM,35.41,59,8/19/2016,Q3,H2,2016,8,August,Aug,19,Friday,Fri,0.94,93592,9%,530-99-0738,229-761-5316,Marietta,Cobb,Marietta,GA,30006,South,axsimonson,DQCdNbWq%mGHOG;
886005,Mr.,Shaun,J,Villareal,M,shaun.villareal@hotmail.co.uk,Nolan Villareal,Denita Villareal,Watterson,12/24/1958,6:15:41 PM,58.63,59,4/25/1994,Q2,H1,1994,4,April,Apr,25,Monday,Mon,23.27,85870,13%,675-48-4432,218-889-3129,Taylors Falls,Chisago,Taylors Falls,MN,55084,Midwest,sjvillareal,m54VNLkjh<FLvt
443962,Mrs.,Lynsey,O,Perrine,F,lynsey.perrine@gmail.com,Ezequiel Perrine,Verlene Perrine,Chandler,10-05-1970,5:03:27 PM,46.84,55,02-04-2009,Q1,H1,2009,2,February,Feb,4,Wednesday,Wed,8.48,83245,23%,465-99-5208,701-881-0480,Milton,Cavalier,Milton,ND,58260,Midwest,loperrine,SIf0w5*p4Jh;h
866609,Mr.,Gabriel,F,Hoekstra,M,gabriel.hoekstra@gmail.com,Emil Hoekstra,Caterina Hoekstra,Amaya,2/23/1977,9:09:14 PM,40.45,57,1/23/2002,Q1,H1,2002,1,January,Jan,23,Wednesday,Wed,15.52,158492,16%,052-02-4981,202-905-7365,Washington,District of Columbia,Washington,DC,20507,South,gfhoekstra,HUfowOx*
698005,Prof.,Jeremy,W,Mccay,M,jeremy.mccay@sbcglobal.net,Tyree Mccay,Yuonne Mccay,Frick,11/16/1975,3:33:35 PM,41.73,78,5/15/2012,Q2,H1,2012,5,May,May,15,Tuesday,Tue,5.21,80633,4%,448-27-3009,215-456-6138,Acme,Westmoreland,Acme,PA,15610,Northeast,jwmccay,e8|oud!;8F_g<.&
961360,Ms.,Hattie,M,Ferrer,F,hattie.ferrer@gmail.com,Rosario Ferrer,Justine Ferrer,Hoye,10-12-1961,10:48:58 AM,55.83,42,1/23/1987,Q1,H1,1987,1,January,Jan,23,Friday,Fri,30.53,100567,1%,532-71-0901,262-392-9784,Madison,Dane,Madison,WI,53792,Midwest,hmferrer,BLCPtAC~
620892,Mr.,Louis,S,Mccusker,M,louis.mccusker@microsoft.com,Reuben Mccusker,Mandy Mccusker,Burkes,06-03-1986,4:32:52 PM,31.17,90,04-04-2008,Q2,H1,2008,4,April,Apr,4,Friday,Fri,9.32,151695,25%,039-74-7655,239-401-2706,Kissimmee,Osceola,Kissimmee,FL,34747,South,lsmccusker,xAXK::Tkws#!fs5
237946,Prof.,Garfield,P,Cagle,M,garfield.cagle@gmail.com,Bud Cagle,Roselee Cagle,Arena,2/19/1993,8:13:43 PM,24.45,85,12/15/2015,Q4,H2,2015,12,December,Dec,15,Tuesday,Tue,1.62,135528,26%,267-99-5064,207-988-4004,Lagrange,Penobscot,Lagrange,ME,4453,Northeast,gpcagle,kreE:L+v:6
433171,Hon.,Freddy,M,Wilkinson,M,freddy.wilkinson@hotmail.com,Brandon Wilkinson,Arcelia Wilkinson,Veasey,7/19/1969,11:03:30 PM,48.06,85,10-08-1997,Q4,H2,1997,10,October,Oct,8,Wednesday,Wed,19.82,122378,25%,523-99-6263,314-290-3255,Rea,Andrew,Rea,MO,64480,Midwest,fmwilkinson,4>\Kfa*j_cypof
430558,Mr.,Omar,R,Borrego,M,omar.borrego@gmail.com,Bryon Borrego,Phuong Borrego,Mikell,11-05-1994,3:05:44 AM,22.74,76,05-03-2017,Q2,H1,2017,5,May,May,3,Wednesday,Wed,0.24,96780,7%,064-02-2777,236-814-8798,Berryville,Clarke,Berryville,VA,22611,South,orborrego,ctyI70LJU4%CHSk
189210,Mr.,Joshua,C,Guyette,M,joshua.guyette@gmail.com,Kelly Guyette,Suzanne Guyette,Geary,11-09-1963,10:57:18 AM,53.75,61,8/29/1997,Q3,H2,1997,8,August,Aug,29,Friday,Fri,19.93,158719,20%,640-29-7836,209-603-8512,Grimes,Colusa,Grimes,CA,95950,West,jcguyette,SDK0q9s$JE1*
716368,Ms.,Jada,S,Labrecque,F,jada.labrecque@hotmail.com,Forest Labrecque,Adina Labrecque,Butterworth,11-11-1987,4:01:41 AM,29.73,56,6/28/2009,Q2,H1,2009,6,June,Jun,28,Sunday,Sun,8.09,167465,9%,427-99-6309,205-724-3099,Montgomery,Montgomery,Montgomery,AL,36104,South,jslabrecque,hIE1nO-\FJ7ehNh
781106,Drs.,Rosita,N,Stahl,F,rosita.stahl@hotmail.com,Anderson Stahl,Georgene Stahl,Rayburn,06-05-1987,6:19:30 PM,30.17,50,7/27/2009,Q3,H2,2009,7,July,Jul,27,Monday,Mon,8.01,67545,24%,226-99-4041,207-880-1862,Addison,Washington,Addison,ME,4606,Northeast,rnstahl,iXv3~~-t<zF
481587,Hon.,Alyssa,P,Dominquez,F,alyssa.dominquez@aol.com,Dwain Dominquez,Gilberte Dominquez,Lillard,5/28/1964,3:03:26 PM,53.2,42,9/20/1995,Q3,H2,1995,9,September,Sep,20,Wednesday,Wed,21.87,178349,19%,507-57-1922,206-553-0992,Tacoma,Pierce,Tacoma,WA,98433,West,apdominquez,jH\]^VX}
529395,Mr.,Zachery,K,Aho,M,zachery.aho@hotmail.com,Dennis Aho,Valerie Aho,Yocum,08-02-1994,5:34:12 AM,23,71,09-02-2015,Q3,H2,2015,9,September,Sep,2,Wednesday,Wed,1.9,42803,0%,488-29-2493,215-466-4344,Philadelphia,Philadelphia,Philadelphia,PA,19116,Northeast,zkaho,yJSUIpli#GubQ<l
215994,Mr.,Booker,U,Duren,M,booker.duren@gmail.com,Bennett Duren,Ozella Duren,Constantine,07-08-1966,12:53:03 AM,51.09,67,07-12-2015,Q3,H2,2015,7,July,Jul,12,Sunday,Sun,2.05,168843,30%,427-99-9404,304-271-6720,Sutton,Braxton,Sutton,WV,26601,South,buduren,9SWyS@N!jS\G@%!
943905,Drs.,Lavonne,K,Loney,F,lavonne.loney@gmail.com,Nigel Loney,Susann Loney,Durkin,05-05-1959,10:37:22 AM,58.27,53,9/30/1988,Q3,H2,1988,9,September,Sep,30,Friday,Fri,28.84,182513,25%,122-98-2537,701-266-9654,Mantador,Richland,Mantador,ND,58058,Midwest,lkloney,2WGc6gAfG;6glJ!
674831,Mrs.,Tiffany,V,Owensby,F,tiffany.owensby@hotmail.com,Santiago Owensby,Deonna Owensby,Colburn,6/29/1979,9:16:52 AM,38.11,41,10-06-2010,Q4,H2,2010,10,October,Oct,6,Wednesday,Wed,6.81,156140,16%,235-57-4102,218-930-9684,Lonsdale,Rice,Lonsdale,MN,55046,Midwest,tvowensby,GjsbopvMZgwQJfB
793630,Mrs.,Aurora,K,Mcwhirter,F,aurora.mcwhirter@ibm.com,Chase Mcwhirter,Paz Mcwhirter,Swartz,7/21/1968,10:12:17 AM,49.05,57,5/29/1990,Q2,H1,1990,5,May,May,29,Tuesday,Tue,27.18,141342,13%,061-02-3526,907-692-9145,Nulato,Yukon-Koyukuk (CA),Nulato,AK,99765,West,akmcwhirter,PaY%TRiJmo;s
669168,Mrs.,Meri,X,Wozniak,F,meri.wozniak@gmail.com,Samuel Wozniak,Kenna Wozniak,Preece,12-08-1990,12:37:22 PM,26.65,49,9/13/2016,Q3,H2,2016,9,September,Sep,13,Tuesday,Tue,0.87,137484,16%,705-18-1446,339-315-9439,Halifax,Plymouth,Halifax,MA,2338,Northeast,mxwozniak,n/FwCt/U7+$0B?
513418,Mr.,Dan,Z,Woodley,M,dan.woodley@gmail.com,Karl Woodley,Mitzi Woodley,Bazemore,1/28/1974,2:35:58 PM,43.53,70,4/23/2000,Q2,H1,2000,4,April,Apr,23,Sunday,Sun,17.27,163815,0%,387-33-5605,339-414-6826,Blandford,Hampden,Blandford,MA,1008,Northeast,dzwoodley,P4AxVKn0t
290293,Drs.,Jalisa,N,Hogue,F,jalisa.hogue@gmail.com,Elroy Hogue,Nenita Hogue,Greenlaw,8/28/1981,9:43:30 PM,35.94,49,03-02-2013,Q1,H1,2013,3,March,Mar,2,Saturday,Sat,4.41,110556,17%,047-15-3989,702-593-0698,Las Vegas,Clark,Las Vegas,NV,89177,West,jnhogue,dT>{&D$HDQ{;1
975239,Hon.,Martin,J,Arias,M,martin.arias@hotmail.com,Dexter Arias,Angeles Arias,Hodges,5/15/1983,6:04:08 AM,34.23,77,08-04-2008,Q3,H2,2008,8,August,Aug,4,Monday,Mon,8.99,143134,22%,558-99-2991,316-510-4363,Lincolnville,Marion,Lincolnville,KS,66858,Midwest,mjarias,2Pdc_]1s~7uLAMl
595911,Mr.,Fermin,O,Rotz,M,fermin.rotz@gmail.com,Son Rotz,Xenia Rotz,Kelsey,3/22/1965,11:00:18 AM,52.39,86,1/23/2008,Q1,H1,2008,1,January,Jan,23,Wednesday,Wed,9.52,96993,26%,731-28-0934,236-466-8326,Reva,Culpeper,Reva,VA,22735,South,forotz,d18>s/PExgL
429587,Mr.,Omar,U,Jump,M,omar.jump@gmail.com,Robt Jump,Robyn Jump,Bouldin,1/14/1987,9:04:25 AM,30.56,77,10/13/2008,Q4,H2,2008,10,October,Oct,13,Monday,Mon,8.79,110639,24%,044-15-9753,212-616-6075,Bainbridge,Chenango,Bainbridge,NY,13733,Northeast,oujump,DzL\S7i9BK#3AB
785926,Ms.,Aletha,Y,Chapman,F,aletha.chapman@walmart.com,Sebastian Chapman,Jani Chapman,Oconnor,05-09-1959,3:56:12 PM,58.26,44,1/27/1981,Q1,H1,1981,1,January,Jan,27,Tuesday,Tue,36.52,194028,9%,156-23-0163,215-615-2351,Equinunk,Wayne,Equinunk,PA,18417,Northeast,aychapman,B#$VDz0X!g#a
755919,Drs.,Renae,S,Mcknight,F,renae.mcknight@yahoo.com,Lynn Mcknight,Augustine Mcknight,Watford,1/16/1974,10:45:06 PM,43.56,52,7/16/2004,Q3,H2,2004,7,July,Jul,16,Friday,Fri,13.04,160883,19%,127-98-8098,405-675-3941,Oklahoma City,Oklahoma,Oklahoma City,OK,73178,South,rsmcknight,PM$2TE9[8
340026,Prof.,Bud,R,Prior,M,bud.prior@charter.net,Collin Prior,Chara Prior,Kingsbury,1/14/1967,5:27:26 AM,50.57,86,3/20/1988,Q1,H1,1988,3,March,Mar,20,Sunday,Sun,29.38,79254,29%,519-87-2775,314-958-2952,Queen City,Schuyler,Queen City,MO,63561,Midwest,brprior,OoZZpAu8}#Z
605444,Ms.,Linda,F,Velasquez,F,linda.velasquez@hotmail.com,Colin Velasquez,Fumiko Velasquez,Galligan,8/29/1995,7:19:37 AM,21.93,57,1/27/2017,Q1,H1,2017,1,January,Jan,27,Friday,Fri,0.5,97332,5%,730-28-9147,201-788-2595,Mount Holly,Burlington,Mount Holly,NJ,8060,Northeast,lfvelasquez,Acu%p0r|H6q2<N-
478190,Mr.,Giuseppe,V,Wayland,M,giuseppe.wayland@bp.com,Jeremiah Wayland,Jennifer Wayland,Fontanez,5/28/1967,10:20:08 PM,50.2,82,07-03-2012,Q3,H2,2012,7,July,Jul,3,Tuesday,Tue,5.07,153518,11%,198-84-0110,210-892-5465,Rio Grande City,Starr,Rio Grande City,TX,78582,South,gvwayland,CX9ds:Sg}l.}-
352954,Mr.,Major,D,Hopper,M,major.hopper@bp.com,Guillermo Hopper,Yuonne Hopper,Shoemake,4/28/1966,12:36:23 PM,51.28,72,02-10-2013,Q1,H1,2013,2,February,Feb,10,Sunday,Sun,4.46,83700,27%,688-24-6218,209-764-4325,Fairfax,Marin,Fairfax,CA,94930,West,mdhopper,Q*?Pmug^GE3?m
416326,Mr.,Garry,Q,Lovelace,M,garry.lovelace@aol.com,Jeromy Lovelace,Aiko Lovelace,Lines,04-10-1994,4:06:20 PM,23.32,87,04-09-2016,Q2,H1,2016,4,April,Apr,9,Saturday,Sat,1.3,146934,1%,624-85-3283,216-251-5384,Groveport,Franklin,Groveport,OH,43125,Midwest,gqlovelace,l4I^!{:QCi]Rrc
441000,Ms.,Fransisca,B,Deltoro,F,fransisca.deltoro@aol.com,Enoch Deltoro,Reva Deltoro,Crumpton,12-04-1980,5:27:57 PM,36.67,42,05-12-2007,Q2,H1,2007,5,May,May,12,Saturday,Sat,10.22,105896,15%,648-58-0609,304-570-4080,Left Hand,Roane,Left Hand,WV,25251,South,fbdeltoro,v[$&>9ZBr@}FR
111498,Mrs.,Wan,H,Dickman,F,wan.dickman@walmart.com,Brad Dickman,Donnette Dickman,Joslin,08-11-1990,10:51:55 AM,26.98,55,05-06-2016,Q2,H1,2016,5,May,May,6,Friday,Fri,1.23,173022,21%,704-18-5219,319-247-3360,Mount Auburn,Benton,Mount Auburn,IA,52313,Midwest,whdickman,B?lF4*6TbF}THM
699775,Mrs.,Gwenn,P,Guyton,F,gwenn.guyton@btinternet.com,Joshua Guyton,Ha Guyton,Harker,04-05-1979,9:12:22 PM,38.34,54,06-12-2011,Q2,H1,2011,6,June,Jun,12,Sunday,Sun,6.13,89604,8%,333-11-9874,252-781-4461,Wallburg,Davidson,Wallburg,NC,27373,South,gpguyton,Z^>+Jy3*oxc@
968960,Drs.,Violette,S,Dennard,F,violette.dennard@exxonmobil.com,Morgan Dennard,Polly Dennard,Halpin,07-11-1984,12:59:54 AM,33.07,54,1/23/2009,Q1,H1,2009,1,January,Jan,23,Friday,Fri,8.52,135978,2%,642-29-5178,303-529-0196,Gunnison,Gunnison,Gunnison,CO,81231,West,vsdennard,t\h_RL%->:8-YY
448244,Mr.,Francis,P,Crochet,M,francis.crochet@aol.com,Mauricio Crochet,Kortney Crochet,Babin,11-07-1965,5:04:18 AM,51.76,78,01-12-2001,Q1,H1,2001,1,January,Jan,12,Friday,Fri,16.55,158489,3%,644-29-8613,252-228-0728,Selma,Johnston,Selma,NC,27576,South,fpcrochet,uga;+2W~f9gxt
649879,Dr.,Norman,Q,Gentry,M,norman.gentry@shaw.ca,Emile Gentry,Leo Gentry,Binder,3/20/1963,1:48:05 PM,54.39,84,5/30/2000,Q2,H1,2000,5,May,May,30,Tuesday,Tue,17.17,156063,30%,132-98-5791,252-727-1856,Beulaville,Duplin,Beulaville,NC,28518,South,nqgentry,Ip*v/&a^D>C
293182,Ms.,Kiersten,Y,Corbitt,F,kiersten.corbitt@yahoo.com,Jimmy Corbitt,Sherley Corbitt,Lavergne,9/27/1966,12:14:18 AM,50.87,47,03-06-2013,Q1,H1,2013,3,March,Mar,6,Wednesday,Wed,4.4,78019,5%,182-86-1747,209-854-5794,Forest Ranch,Butte,Forest Ranch,CA,95942,West,kycorbitt,vZ^X$<x0EfSn
563088,Mr.,Edgardo,S,Almonte,M,edgardo.almonte@gmail.com,Quentin Almonte,Tabitha Almonte,Naughton,6/28/1990,12:30:47 AM,27.1,56,08-05-2011,Q3,H2,2011,8,August,Aug,5,Friday,Fri,5.98,78116,7%,698-16-2587,216-604-4456,Port William,Clinton,Port William,OH,45164,Midwest,esalmonte,wHM]{-|pS
542812,Prof.,Sebastian,K,Medlock,M,sebastian.medlock@cox.net,Antony Medlock,Troy Medlock,Hesson,12/22/1995,12:11:17 AM,21.61,56,6/14/2017,Q2,H1,2017,6,June,Jun,14,Wednesday,Wed,0.12,169926,16%,395-33-0297,339-755-5232,Weymouth,Norfolk,Weymouth,MA,2189,Northeast,skmedlock,miqhS@So
401982,Mr.,Armand,X,Caton,M,armand.caton@walmart.com,Thaddeus Caton,Tawanda Caton,Schick,4/14/1983,8:57:46 AM,34.31,58,08-07-2015,Q3,H2,2015,8,August,Aug,7,Friday,Fri,1.98,168199,18%,099-02-6028,236-905-9273,Cape Charles,Northampton,Cape Charles,VA,23310,South,axcaton,gcT^nK^Fw[1
262786,Ms.,Marlana,O,Follett,F,marlana.follett@yahoo.com,Omar Follett,Quinn Follett,Guidry,11/17/1992,11:25:05 AM,24.71,45,12/31/2013,Q4,H2,2013,12,December,Dec,31,Tuesday,Tue,3.58,102275,6%,553-99-9672,319-737-2270,Donahue,Scott,Donahue,IA,52746,Midwest,mofollett,bV~~*Wu<q/
532098,Prof.,Cornell,Z,Watson,M,cornell.watson@gmail.com,Bobby Watson,Krystin Watson,Oshea,08-07-1965,7:12:17 AM,52.01,72,3/14/2008,Q1,H1,2008,3,March,Mar,14,Friday,Fri,9.38,183359,25%,713-18-6040,212-908-7736,East Moriches,Suffolk,East Moriches,NY,11940,Northeast,czwatson,Lqbsyf|/Y]4
335653,Prof.,Ivory,S,Tisdale,M,ivory.tisdale@hotmail.com,Gregorio Tisdale,Vivien Tisdale,Deanda,12/22/1963,7:27:41 AM,53.64,58,12/19/1988,Q4,H2,1988,12,December,Dec,19,Monday,Mon,28.62,160176,21%,677-22-0449,217-264-2790,Barrington,Lake,Barrington,IL,60010,Midwest,istisdale,Ch!!%R^xnBXhL0
368294,Mr.,Devin,Z,Crum,M,devin.crum@hotmail.com,Hoyt Crum,Ricarda Crum,Johnstone,06-01-1981,8:55:30 AM,36.18,58,7/17/2013,Q3,H2,2013,7,July,Jul,17,Wednesday,Wed,4.03,119518,11%,149-23-9041,210-777-6432,Weesatche,Goliad,Weesatche,TX,77993,South,dzcrum,p:]3n;b_JiMEs
773789,Dr.,Dane,G,Wigley,M,dane.wigley@yahoo.co.uk,Jarod Wigley,Angelic Wigley,Burke,09-07-1978,1:57:25 AM,38.92,60,08-08-2013,Q3,H2,2013,8,August,Aug,8,Thursday,Thu,3.97,42106,9%,245-99-1646,405-808-0333,Moyers,Pushmataha,Moyers,OK,74557,South,dgwigley,Bl<p>[xq[<SN
658161,Ms.,Jean,G,Burrus,F,jean.burrus@yahoo.com,Wilmer Burrus,Sherrie Burrus,Caldera,5/20/1978,8:45:25 AM,39.22,45,6/14/2009,Q2,H1,2009,6,June,Jun,14,Sunday,Sun,8.13,62495,18%,394-33-7476,210-403-2105,Spring Branch,Comal,Spring Branch,TX,78070,South,jgburrus,KURj+}|Q%-
535805,Mr.,Colin,F,Durand,M,colin.durand@yahoo.co.uk,Boyce Durand,Dorthy Durand,Bailey,12/14/1979,10:29:15 AM,37.65,87,07-10-2008,Q3,H2,2008,7,July,Jul,10,Thursday,Thu,9.05,186868,19%,378-37-6514,216-299-1095,Dayton,Montgomery,Dayton,OH,45439,Midwest,cfdurand,wT8[t<Q:Zk
921700,Mr.,Ronald,Y,Gilles,M,ronald.gilles@verizon.net,Jess Gilles,Lelia Gilles,Force,1/25/1974,7:45:35 AM,43.53,65,4/24/2003,Q2,H1,2003,4,April,Apr,24,Thursday,Thu,14.27,127139,2%,722-18-1847,479-666-6653,Banks,Bradley,Banks,AR,71631,South,rygilles,64{igkxFoL*&
318649,Prof.,Vern,N,Bradford,M,vern.bradford@gmail.com,Shaun Bradford,Leila Bradford,Finn,05-09-1994,6:55:08 PM,23.24,70,9/23/2015,Q3,H2,2015,9,September,Sep,23,Wednesday,Wed,1.85,116158,22%,291-15-0815,217-572-8927,Rutland,La Salle,Rutland,IL,61358,Midwest,vnbradford,gdOjDLqO}RkQ
408346,Ms.,Samuel,I,Prine,F,samuel.prine@bellsouth.net,Reginald Prine,Melda Prine,Gillett,2/17/1959,12:08:05 AM,58.48,41,2/16/1997,Q1,H1,1997,2,February,Feb,16,Sunday,Sun,20.46,69598,27%,770-02-5242,209-973-2134,June Lake,Mono,June Lake,CA,93529,West,siprine,Fz8jxc6:w!<f.
130953,Drs.,Karina,O,Monroy,F,karina.monroy@shell.com,Wilbur Monroy,Danuta Monroy,Peavey,03-02-1962,4:39:40 PM,55.44,51,07-03-2003,Q3,H2,2003,7,July,Jul,3,Thursday,Thu,14.08,157783,8%,226-99-3597,215-824-0342,Kintnersville,Bucks,Kintnersville,PA,18930,Northeast,komonroy,l>xz:D3#n7;U58
488035,Mr.,Loren,K,Buxton,M,loren.buxton@yahoo.com,Hank Buxton,Rosia Buxton,Giddings,2/18/1966,3:51:18 AM,51.47,73,09-08-2013,Q3,H2,2013,9,September,Sep,8,Sunday,Sun,3.89,117712,26%,173-86-0369,209-219-5757,Oakland,Alameda,Oakland,CA,94614,West,lkbuxton,R~fZpZ&uBy6;
564305,Mr.,Preston,A,Millen,M,preston.millen@aol.com,Devon Millen,Jaimie Millen,Brenner,12/25/1966,5:12:52 AM,50.62,65,12-01-1997,Q4,H2,1997,12,December,Dec,1,Monday,Mon,19.67,154478,21%,186-86-0486,228-756-9501,Jackson,Hinds,Jackson,MS,39232,South,pamillen,YPNdK?u5-0H?c
392950,Mrs.,Adrien,P,Donato,F,adrien.donato@hotmail.com,Ezekiel Donato,Bethany Donato,Emmons,3/16/1992,9:12:45 PM,25.38,59,12/19/2014,Q4,H2,2014,12,December,Dec,19,Friday,Fri,2.61,124523,14%,306-37-9086,603-827-4893,Manchester,Hillsborough,Manchester,NH,3105,Northeast,apdonato,jPBwsQ.8t6.E6L
901316,Drs.,Shu,R,Essex,F,shu.essex@gmail.com,Olen Essex,Nida Essex,Eldred,05-04-1968,10:53:44 PM,49.27,52,11-10-2005,Q4,H2,2005,11,November,Nov,10,Thursday,Thu,11.72,163363,13%,571-99-9455,217-730-3228,Hebron,McHenry,Hebron,IL,60034,Midwest,sressex,B-QPlQ+@5:Ij8
671087,Mr.,Leslie,J,Sargeant,M,leslie.sargeant@exxonmobil.com,Hayden Sargeant,Nida Sargeant,Seaver,06-03-1970,7:59:47 AM,47.18,84,06-10-2011,Q2,H1,2011,6,June,Jun,10,Friday,Fri,6.14,109919,29%,034-92-4434,217-508-2064,Prospect Heights,Cook,Prospect Heights,IL,60070,Midwest,ljsargeant,R2dQV[NvQY;Xzk3
754951,Ms.,Gertrud,F,Cain,F,gertrud.cain@aol.com,Blaine Cain,Alysha Cain,Christianson,11-12-1972,10:27:49 PM,44.74,51,12/31/2014,Q4,H2,2014,12,December,Dec,31,Wednesday,Wed,2.58,191021,29%,167-86-9119,218-914-5999,Gaylord,Sibley,Gaylord,MN,55334,Midwest,gfcain,y9JX8t<8V
490500,Ms.,Camilla,X,Burgos,F,camilla.burgos@comcast.net,Tobias Burgos,Ria Burgos,Hills,10-04-1984,5:18:11 PM,32.84,40,5/14/2006,Q2,H1,2006,5,May,May,14,Sunday,Sun,11.21,175402,9%,401-73-5167,702-701-9952,Reno,Reno,Reno,NV,89508,West,cxburgos,Psc~H.Q]0
600204,Mrs.,Jacinda,C,Quijano,F,jacinda.quijano@gmail.com,Cory Quijano,Leticia Quijano,Burgett,4/14/1981,1:57:56 AM,36.31,57,04-07-2006,Q2,H1,2006,4,April,Apr,7,Friday,Fri,11.32,49201,8%,584-99-9505,209-334-4948,Berkeley,Alameda,Berkeley,CA,94701,West,jcquijano,q5fz$9@*
933148,Ms.,Shae,G,Danielson,F,shae.danielson@hotmail.com,Emmett Danielson,Hilde Danielson,Bazan,03-01-1988,8:43:46 AM,29.43,51,12-12-2012,Q4,H2,2012,12,December,Dec,12,Wednesday,Wed,4.63,56973,23%,507-57-2781,236-431-6393,Lignum,Culpeper,Lignum,VA,22726,South,sgdanielson,IJ0vD~b>NA#.
337039,Hon.,Daniella,K,Letourneau,F,daniella.letourneau@gmail.com,Santiago Letourneau,Marna Letourneau,Yarber,2/29/1984,5:24:56 AM,33.43,58,2/25/2011,Q1,H1,2011,2,February,Feb,25,Friday,Fri,6.42,136148,26%,449-99-5336,210-325-4865,El Paso,El Paso,El Paso,TX,88567,South,dkletourneau,gUi0Mfp3@_pn
861640,Hon.,Matthew,U,Roeder,M,matthew.roeder@gmail.com,Warner Roeder,Denna Roeder,Leong,1/14/1959,2:25:30 AM,58.58,81,12/27/1986,Q4,H2,1986,12,December,Dec,27,Saturday,Sat,30.61,61152,23%,636-31-1048,217-554-9382,Orland Park,Cook,Orland Park,IL,60462,Midwest,muroeder,8yt<ae5NJcPkHJX
579015,Mr.,Hans,I,Thorson,M,hans.thorson@gmail.com,Kristofer Thorson,Taneka Thorson,Muth,5/18/1967,10:46:06 PM,50.23,62,01-07-2009,Q1,H1,2009,1,January,Jan,7,Wednesday,Wed,8.56,148552,22%,566-99-1817,231-377-3196,Caspian,Iron,Caspian,MI,49915,Midwest,hithorson,pl8y/l76\?[
608909,Dr.,Brant,F,Cobb,M,brant.cobb@hotmail.com,Florencio Cobb,Ling Cobb,Soukup,7/18/1989,5:58:52 PM,28.05,62,8/19/2015,Q3,H2,2015,8,August,Aug,19,Wednesday,Wed,1.94,49117,4%,424-65-8047,228-710-2067,Maben,Webster,Maben,MS,39750,South,bfcobb,t>$6{mdqIx:WA%a
917612,Mrs.,Debra,W,Ellis,F,debra.ellis@gmail.com,Mark Ellis,Marianne Ellis,Danley,05-01-1966,12:26:17 AM,51.28,51,07-02-1995,Q3,H2,1995,7,July,Jul,2,Sunday,Sun,22.09,129128,13%,449-99-2909,423-391-5045,Antioch,Davidson,Antioch,TN,37011,South,dwellis,0||:-o2M14U
518577,Ms.,Merry,T,Ables,F,merry.ables@hotmail.com,Darren Ables,Quiana Ables,Redwine,12-02-1993,10:15:28 AM,23.67,59,07-10-2015,Q3,H2,2015,7,July,Jul,10,Friday,Fri,2.05,53971,28%,426-99-0698,319-871-7753,Grinnell,Poweshiek,Grinnell,IA,50177,Midwest,mtables,rHKrH9>t\Efrk#
301130,Prof.,Shelton,W,Creamer,M,shelton.creamer@aol.com,Scott Creamer,Marisha Creamer,Hastings,12/25/1973,8:12:25 AM,43.62,60,7/17/2012,Q3,H2,2012,7,July,Jul,17,Tuesday,Tue,5.03,134821,17%,405-73-2118,503-925-8169,Broadbent,Coos,Broadbent,OR,97414,West,swcreamer,D\N;dWfgLEf
252678,Mr.,Young,N,Montes,M,young.montes@exxonmobil.com,Lindsay Montes,Omega Montes,Rader,2/23/1972,4:57:59 PM,45.46,86,10-03-1999,Q4,H2,1999,10,October,Oct,3,Sunday,Sun,17.83,76129,27%,317-35-1785,215-892-4903,Erie,Erie,Erie,PA,16509,Northeast,ynmontes,28rX!7|v|
444856,Mr.,Kenneth,G,Tomas,M,kenneth.tomas@yahoo.com,Mitch Tomas,Mirta Tomas,Cavin,7/27/1975,8:24:34 AM,42.03,87,7/13/2005,Q3,H2,2005,7,July,Jul,13,Wednesday,Wed,12.05,130633,30%,335-11-5769,252-343-7984,Charlotte,Mecklenburg,Charlotte,NC,28213,South,kgtomas,w?BV.qmD}}
561191,Dr.,Woodrow,Y,Whittington,M,woodrow.whittington@yahoo.com,Isaac Whittington,Tony Whittington,Gosnell,08-04-1971,9:48:04 PM,46.01,68,7/22/2011,Q3,H2,2011,7,July,Jul,22,Friday,Fri,6.02,161838,11%,462-99-9494,215-562-2136,Harrisburg,Dauphin,Harrisburg,PA,17102,Northeast,wywhittington,cp^z6qy|
966906,Mr.,Dewayne,H,Sparks,M,dewayne.sparks@msn.com,Russ Sparks,Corrin Sparks,Jaime,1/19/1993,3:51:42 PM,24.54,58,2/17/2016,Q1,H1,2016,2,February,Feb,17,Wednesday,Wed,1.44,154075,4%,340-11-8792,202-768-2562,Washington,District of Columbia,Washington,DC,20262,South,dhsparks,0E^CApj:Yu
541157,Mr.,Rigoberto,J,Fujimoto,M,rigoberto.fujimoto@gmail.com,Noble Fujimoto,Lili Fujimoto,Bazan,06-10-1980,8:11:55 PM,37.16,65,2/21/2004,Q1,H1,2004,2,February,Feb,21,Saturday,Sat,13.44,149813,12%,108-98-9444,217-950-3224,Bellwood,Cook,Bellwood,IL,60104,Midwest,rjfujimoto,iEh#K.CyqX?/
944218,Mr.,Angel,M,Pauley,M,angel.pauley@sbcglobal.net,Johnathan Pauley,Aida Pauley,Motley,06-05-1983,9:33:06 AM,34.17,76,11/16/2012,Q4,H2,2012,11,November,Nov,16,Friday,Fri,4.7,195245,20%,244-99-3003,212-832-7628,Brooklyn,Kings,Brooklyn,NY,11233,Northeast,ampauley,6eLD-aswX
524260,Mr.,Oren,D,Mojica,M,oren.mojica@gmail.com,Mose Mojica,Lana Mojica,Tucci,10-07-1986,12:02:16 AM,30.83,71,05-12-2017,Q2,H1,2017,5,May,May,12,Friday,Fri,0.21,111010,29%,473-55-9218,239-761-2100,Pompano Beach,Broward,Pompano Beach,FL,33077,South,odmojica,T8R@*HwAhmpiwuG
472014,Mrs.,Mari,M,Schwartz,F,mari.schwartz@gmail.com,Sydney Schwartz,Alysha Schwartz,Ledesma,08-08-1980,12:20:50 AM,36.99,60,2/20/2002,Q1,H1,2002,2,February,Feb,20,Wednesday,Wed,15.44,77533,2%,221-13-7881,803-323-1569,Charleston,Charleston,Charleston,SC,29415,South,mmschwartz,4[aAfd*u%!#
509558,Mrs.,Nakita,A,Doud,F,nakita.doud@gmail.com,Shirley Doud,Kathaleen Doud,Guenther,5/20/1969,11:55:22 AM,48.22,43,10/14/2000,Q4,H2,2000,10,October,Oct,14,Saturday,Sat,16.8,146508,28%,658-36-5389,252-981-7849,Kinston,Lenoir,Kinston,NC,28501,South,nadoud,7dv\9.A*T{bD|
476732,Hon.,Jeffry,M,Mccrary,M,jeffry.mccrary@hotmail.com,Esteban Mccrary,Rubye Mccrary,Burruss,3/28/1974,6:00:49 PM,43.36,76,03-05-2009,Q1,H1,2009,3,March,Mar,5,Thursday,Thu,8.4,143949,12%,297-15-3854,218-838-0423,Crystal Bay,Hennepin,Crystal Bay,MN,55323,Midwest,jmmccrary,xt53zzAO>-l
280233,Mr.,Bruno,S,Jones,M,bruno.jones@aol.com,Rod Jones,Sherrie Jones,Parton,06-06-1976,9:56:04 AM,41.17,75,3/28/2002,Q1,H1,2002,3,March,Mar,28,Thursday,Thu,15.35,168531,28%,756-12-3059,215-428-9715,Ronco,Fayette,Ronco,PA,15476,Northeast,bsjones,SEU|r1|t_u
143547,Prof.,Chadwick,E,Siebert,M,chadwick.siebert@sbcglobal.net,Raymon Siebert,Luanna Siebert,Sibert,2/20/1993,5:39:28 PM,24.45,70,01-05-2015,Q1,H1,2015,1,January,Jan,5,Monday,Mon,2.56,74073,17%,237-99-8079,217-230-2886,Carterville,Williamson,Carterville,IL,62918,Midwest,cesiebert,mwYjy-xO
454376,Mr.,Loren,V,Jaimes,M,loren.jaimes@gmail.com,Edmond Jaimes,Georgia Jaimes,Sutphin,10/19/1979,12:44:04 PM,37.8,81,5/16/2005,Q2,H1,2005,5,May,May,16,Monday,Mon,12.21,169583,18%,715-18-7883,210-606-2099,Houston,Harris,Houston,TX,77297,South,lvjaimes,E~$y!_$qW
430691,Hon.,Salvatore,O,Mata,M,salvatore.mata@bellsouth.net,Stewart Mata,Keira Mata,Mccool,8/14/1964,12:08:43 AM,52.99,51,07-08-2004,Q3,H2,2004,7,July,Jul,8,Thursday,Thu,13.06,76638,11%,572-99-2722,225-264-5312,Baton Rouge,East Baton Rouge,Baton Rouge,LA,70874,South,somata,5X<Afv:BeRZ8n6-
386457,Hon.,Azucena,F,Peterkin,F,azucena.peterkin@gmail.com,Jonas Peterkin,Ollie Peterkin,Stamey,03-10-1973,12:43:51 PM,44.41,49,8/18/2006,Q3,H2,2006,8,August,Aug,18,Friday,Fri,10.95,84721,12%,560-99-0610,385-649-9554,Garrison,Millard,Garrison,UT,84728,West,afpeterkin,t\/|;UdOw:6q
142802,Mr.,Isiah,Y,Remy,M,isiah.remy@yahoo.com,Rich Remy,Luvenia Remy,Low,4/14/1973,8:52:08 PM,44.32,53,5/22/1998,Q2,H1,1998,5,May,May,22,Friday,Fri,19.2,102728,9%,194-86-5739,209-757-6709,San Bernardino,San Bernardino,San Bernardino,CA,92423,West,iyremy,k$avVfa08pm|
613946,Prof.,Cary,A,Larock,M,cary.larock@exxonmobil.com,Sylvester Larock,Cherlyn Larock,Wilkins,12/24/1962,8:23:11 AM,54.63,51,11/30/1986,Q4,H2,1986,11,November,Nov,30,Sunday,Sun,30.68,151939,2%,700-18-4102,215-374-1794,White,Fayette,White,PA,15490,Northeast,calarock,uvqP%r/4oHH3
591087,Mrs.,Consuelo,R,Chinn,F,consuelo.chinn@gmail.com,Allan Chinn,Nada Chinn,Yoakum,12/22/1983,4:29:25 AM,33.62,44,10/28/2014,Q4,H2,2014,10,October,Oct,28,Tuesday,Tue,2.75,124611,2%,394-33-4161,210-738-3742,Kyle,Hays,Kyle,TX,78640,South,crchinn,yb/ra~Z^D]]S
876839,Mr.,Jackson,W,Hartzell,M,jackson.hartzell@hotmail.com,Armando Hartzell,Lashawnda Hartzell,Richert,11-01-1968,12:16:50 AM,48.77,88,04-07-2017,Q2,H1,2017,4,April,Apr,7,Friday,Fri,0.31,155685,30%,542-81-2874,212-632-8685,Obernburg,Sullivan,Obernburg,NY,12767,Northeast,jwhartzell,CQ%TS^n<P@
423609,Ms.,Tamie,D,Bing,F,tamie.bing@yahoo.co.uk,Lauren Bing,Lenora Bing,Duron,2/22/1964,6:02:19 PM,53.47,46,10-02-2016,Q4,H2,2016,10,October,Oct,2,Sunday,Sun,0.82,85188,18%,231-99-9870,209-393-5732,Oregon House,Yuba,Oregon House,CA,95962,West,tdbing,0%c0IF5Yg@
960110,Mr.,Hipolito,H,Gold,M,hipolito.gold@gmail.com,Darryl Gold,Lilla Gold,Jean,1/28/1995,10:54:03 AM,22.51,52,10-06-2016,Q4,H2,2016,10,October,Oct,6,Thursday,Thu,0.81,138506,9%,456-99-5122,219-256-5253,Indianapolis,Marion,Indianapolis,IN,46229,Midwest,hhgold,uxmYWHXrrv
653505,Mr.,Fritz,K,Joshua,M,fritz.joshua@gmail.com,Raphael Joshua,Nanci Joshua,Tavares,1/20/1977,3:44:00 AM,40.55,85,7/22/2016,Q3,H2,2016,7,July,Jul,22,Friday,Fri,1.02,83073,10%,549-99-7885,239-515-9658,West Palm Beach,Palm Beach,West Palm Beach,FL,33419,South,fkjoshua,Wi;MChxy%t-V#z_
275739,Ms.,Tianna,L,Wood,F,tianna.wood@yahoo.com,Wilmer Wood,Karren Wood,Davy,10/30/1972,12:54:58 AM,44.77,47,11/13/2002,Q4,H2,2002,11,November,Nov,13,Wednesday,Wed,14.72,85807,19%,323-11-7256,217-912-6679,Frederick,Schuyler,Frederick,IL,62639,Midwest,tlwood,U3-DQg-X
135111,Dr.,Heath,J,Bohannon,M,heath.bohannon@hotmail.com,Rory Bohannon,Christiana Bohannon,Barrientos,11/20/1972,12:23:05 AM,44.72,84,1/25/2008,Q1,H1,2008,1,January,Jan,25,Friday,Fri,9.51,118297,20%,098-02-7138,209-455-5152,Lawndale,Los Angeles,Lawndale,CA,90260,West,hjbohannon,qXmqm1q!$U
323219,Prof.,Eusebio,V,Mccue,M,eusebio.mccue@aol.com,Lewis Mccue,Renay Mccue,Merrill,10-02-1984,2:59:00 PM,32.84,57,10/26/2016,Q4,H2,2016,10,October,Oct,26,Wednesday,Wed,0.75,128748,14%,760-12-0930,304-850-3299,Auburn,Ritchie,Auburn,WV,26325,South,evmccue,CoV_U^?hLw;@
182452,Ms.,Tia,O,Alva,F,tia.alva@gmail.com,Archie Alva,Aiko Alva,Augustin,05-10-1979,10:03:11 AM,38.24,57,02-11-2015,Q1,H1,2015,2,February,Feb,11,Wednesday,Wed,2.46,43634,3%,315-35-3761,203-272-9505,Kensington,Hartford,Kensington,CT,6037,Northeast,toalva,pyPtQ?N.
167414,Mr.,Ellsworth,R,Waites,M,ellsworth.waites@gmail.com,Gordon Waites,Cecila Waites,Weston,10/21/1992,6:25:53 PM,24.78,53,2/21/2016,Q1,H1,2016,2,February,Feb,21,Sunday,Sun,1.43,130254,24%,086-02-2572,218-550-5606,Wahkon,Mille Lacs,Wahkon,MN,56386,Midwest,erwaites,rESHD3Os|4\L
802318,Mr.,Brad,U,Yang,M,brad.yang@gmail.com,Rodney Yang,Synthia Yang,Lees,04-03-1990,4:42:41 PM,27.34,81,11/26/2012,Q4,H2,2012,11,November,Nov,26,Monday,Mon,4.67,86558,4%,663-22-6863,212-983-2664,Elmira,Chemung,Elmira,NY,14925,Northeast,buyang,Nz-.n*Ui@@\3
183794,Mr.,Zackary,S,Mcdougald,M,zackary.mcdougald@gmail.com,Aubrey Mcdougald,Nam Mcdougald,Hedges,07-12-1965,9:34:40 PM,52.08,90,7/27/1999,Q3,H2,1999,7,July,Jul,27,Tuesday,Tue,18.02,119160,10%,216-89-5417,215-678-9250,Lake Harmony,Carbon,Lake Harmony,PA,18624,Northeast,zsmcdougald,i0]g1+.{?\DTpeY
569692,Mr.,Barton,T,Vanbuskirk,M,barton.vanbuskirk@aol.com,Seymour Vanbuskirk,Chan Vanbuskirk,Aston,09-09-1980,12:36:39 AM,36.91,61,4/19/2014,Q2,H1,2014,4,April,Apr,19,Saturday,Sat,3.28,106815,21%,431-99-6813,209-414-2230,Scotts Valley,Santa Cruz,Scotts Valley,CA,95067,West,btvanbuskirk,D^n!p@!VKnX
209903,Ms.,Lucienne,E,Roark,F,lucienne.roark@walmart.com,Luigi Roark,Rowena Roark,Byington,02-07-1976,5:12:17 PM,41.5,58,6/23/2002,Q2,H1,2002,6,June,Jun,23,Sunday,Sun,15.11,197473,25%,538-71-4040,236-330-0037,Richmond,Goochland,Richmond,VA,23238,South,leroark,cAFY-La!Q.
839998,Mrs.,Leeanna,H,Casteel,F,leeanna.casteel@gmail.com,Al Casteel,Gladis Casteel,Angelo,1/14/1971,12:02:39 AM,46.57,46,03-07-2016,Q1,H1,2016,3,March,Mar,7,Monday,Mon,1.39,114630,2%,104-02-6023,252-345-8461,Raleigh,Wake,Raleigh,NC,27623,South,lhcasteel,Y!~Tja**;40AODg
686422,Mr.,Orval,E,Sepulveda,M,orval.sepulveda@shaw.ca,Edwin Sepulveda,Rosalina Sepulveda,Metcalfe,05-06-1959,4:44:14 PM,58.27,61,6/25/2007,Q2,H1,2007,6,June,Jun,25,Monday,Mon,10.1,185766,21%,712-18-1382,215-588-8927,Hummels Wharf,Snyder,Hummels Wharf,PA,17831,Northeast,oesepulveda,bbmq@{?]kobm
992581,Mrs.,Floria,N,Thach,F,floria.thach@hotmail.com,Antony Thach,Lai Thach,Werth,09-03-1983,7:23:38 PM,33.92,52,5/24/2005,Q2,H1,2005,5,May,May,24,Tuesday,Tue,12.19,134536,6%,122-98-2224,803-568-9275,Tatum,Marlboro,Tatum,SC,29594,South,fnthach,Tk94+q@8j+.Sn
482254,Hon.,Silas,O,Linares,M,silas.linares@yahoo.com,Mohamed Linares,Arielle Linares,Gilliam,2/27/1985,2:49:25 PM,32.44,78,2/22/2006,Q1,H1,2006,2,February,Feb,22,Wednesday,Wed,11.44,111691,18%,697-16-8286,212-562-7041,Gainesville,Wyoming,Gainesville,NY,14066,Northeast,solinares,3n.y:IvU:E@{
955454,Drs.,Cynthia,J,Hershberger,F,cynthia.hershberger@bp.com,Royal Hershberger,Leatha Hershberger,Mikesell,07-12-1970,6:38:00 AM,47.08,41,9/29/2014,Q3,H2,2014,9,September,Sep,29,Monday,Mon,2.83,99826,27%,766-04-4252,240-430-5242,Lexington Park,St. Mary's,Lexington Park,MD,20653,South,cjhershberger,vYIonQ}1vg+e
431418,Ms.,Shayna,R,Contreras,F,shayna.contreras@gmail.com,Robbie Contreras,Marlena Contreras,Lindell,1/22/1996,11:46:18 PM,21.53,43,1/28/2017,Q1,H1,2017,1,January,Jan,28,Saturday,Sat,0.5,126623,6%,470-57-5528,270-851-0652,Sandy Hook,Elliott,Sandy Hook,KY,41171,South,srcontreras,OcQw4[>em\{K
816839,Dr.,Gerry,G,Doody,M,gerry.doody@yahoo.ca,Danny Doody,Lavern Doody,Warnke,3/16/1984,9:12:49 PM,33.39,67,11/28/2010,Q4,H2,2010,11,November,Nov,28,Sunday,Sun,6.67,182630,11%,092-02-0328,218-388-4588,Morgan,Redwood,Morgan,MN,56266,Midwest,ggdoody,wLB0H>g<Z{T+i
498410,Mr.,Johnson,Z,Corbett,M,johnson.corbett@yahoo.com,Russel Corbett,Rebbeca Corbett,Lumpkin,2/25/1983,7:42:57 PM,34.44,79,5/18/2006,Q2,H1,2006,5,May,May,18,Thursday,Thu,11.2,75419,13%,095-02-8343,212-881-6190,West Camp,Ulster,West Camp,NY,12490,Northeast,jzcorbett,y>js/*1:
884634,Mr.,Ronny,K,Barone,M,ronny.barone@yahoo.com,Jerald Barone,Carleen Barone,Kerr,02-07-1969,9:05:39 PM,48.5,79,2/19/1993,Q1,H1,1993,2,February,Feb,19,Friday,Fri,24.45,84617,19%,761-12-8839,207-955-8199,New Sweden,Aroostook,New Sweden,ME,4762,Northeast,rkbarone,VOaNi2J~n5~{YUi
933157,Mr.,Jude,R,Gillman,M,jude.gillman@yahoo.com,Patricia Gillman,Cameron Gillman,Hargrove,01-11-1977,7:33:38 PM,40.57,88,2/16/2008,Q1,H1,2008,2,February,Feb,16,Saturday,Sat,9.45,104318,9%,154-23-3466,423-464-5243,Memphis,Shelby,Memphis,TN,38135,South,jrgillman,E2Rcp\X]
443782,Mrs.,Gwenda,B,Mestas,F,gwenda.mestas@apple.com,Lee Mestas,Araceli Mestas,Gulley,12/28/1990,12:05:24 PM,26.6,54,09-01-2016,Q3,H2,2016,9,September,Sep,1,Thursday,Thu,0.9,173331,9%,262-99-1620,218-253-4614,Saint Charles,Winona,Saint Charles,MN,55972,Midwest,gbmestas,Vpq4tHoqMD3\<R
221099,Dr.,Ed,N,Breen,M,ed.breen@yahoo.com,Rueben Breen,Lesia Breen,Fullmer,5/29/1970,3:10:54 AM,47.2,67,8/17/1997,Q3,H2,1997,8,August,Aug,17,Sunday,Sun,19.96,51948,7%,325-11-8650,236-946-9553,Abingdon,Washington,Abingdon,VA,24210,South,enbreen,kNh1~|&gBV3\
794910,Ms.,Taryn,L,Cowans,F,taryn.cowans@gmail.com,Marcus Cowans,Cristina Cowans,Haskins,09-04-1969,8:43:14 PM,47.93,47,05-05-2014,Q2,H1,2014,5,May,May,5,Monday,Mon,3.23,189132,23%,090-02-9731,202-261-5029,Washington,District of Columbia,Washington,DC,20010,South,tlcowans,hJO$/[VKGU]
633970,Ms.,Shanti,A,Waites,F,shanti.waites@yahoo.co.in,Noel Waites,Zora Waites,Kinard,6/13/1967,6:11:25 AM,50.16,44,02-01-2005,Q1,H1,2005,2,February,Feb,1,Tuesday,Tue,12.49,48472,18%,581-99-4711,405-951-6021,Hollister,Tillman,Hollister,OK,73551,South,sawaites,Y$~~f7wJ&\T5
601977,Hon.,Quentin,X,Baty,M,quentin.baty@gmail.com,Barney Baty,Natashia Baty,Coyle,1/18/1967,8:42:30 PM,50.56,70,10/18/2003,Q4,H2,2003,10,October,Oct,18,Saturday,Sat,13.79,87782,24%,540-83-1748,252-366-8297,Jefferson,Ashe,Jefferson,NC,28640,South,qxbaty,p__HyZ>ic
409055,Hon.,Michelina,J,Klatt,F,michelina.klatt@btinternet.com,Keven Klatt,Junko Klatt,Crouch,11/26/1964,5:35:03 PM,52.7,50,05-07-1996,Q2,H1,1996,5,May,May,7,Tuesday,Tue,21.24,147851,26%,510-33-0051,210-242-1702,Amarillo,Potter,Amarillo,TX,79105,South,mjklatt,o6mAv09?V1jPc-E
243410,Drs.,Loris,V,Rayfield,F,loris.rayfield@gmail.com,Jamal Rayfield,Jamila Rayfield,Crites,3/14/1978,11:21:05 PM,39.4,44,08-06-2003,Q3,H2,2003,8,August,Aug,6,Wednesday,Wed,13.99,103650,23%,664-22-4532,304-714-5927,Newburg,Preston,Newburg,WV,26410,South,lvrayfield,I4I/g>/F.nErS
695802,Ms.,Lucy,L,Duenas,F,lucy.duenas@gmail.com,Milan Duenas,Shonda Duenas,Hanke,12-10-1981,9:47:43 AM,35.65,58,9/24/2011,Q3,H2,2011,9,September,Sep,24,Saturday,Sat,5.85,58235,8%,494-29-7688,219-859-8806,Reelsville,Putnam,Reelsville,IN,46171,Midwest,llduenas,0j/\\$yMy!?
972253,Mrs.,Inger,G,Shipley,F,inger.shipley@aol.com,Malcom Shipley,Amberly Shipley,Dunbar,2/20/1966,10:15:45 AM,51.47,45,10/17/2014,Q4,H2,2014,10,October,Oct,17,Friday,Fri,2.78,198534,26%,045-15-6519,209-756-7084,Sacramento,Sacramento,Sacramento,CA,94297,West,igshipley,w7W[_*vkBsxzxr
519798,Ms.,Ryann,P,Walls,F,ryann.walls@aol.com,Allan Walls,Taisha Walls,Pegues,10/21/1982,1:55:25 AM,34.79,59,06-04-2013,Q2,H1,2013,6,June,Jun,4,Tuesday,Tue,4.15,75480,21%,307-37-4796,216-579-9704,Akron,Akron,Akron,OH,44329,Midwest,rpwalls,3%g53w!U
913133,Ms.,Gena,I,Meade,F,gena.meade@yahoo.ca,Alonso Meade,Allene Meade,Mcgrew,03-11-1984,9:07:23 AM,33.4,56,05-08-2011,Q2,H1,2011,5,May,May,8,Sunday,Sun,6.23,61114,13%,158-23-3498,215-304-3589,Pittsburgh,Allegheny,Pittsburgh,PA,15221,Northeast,gimeade,ml8L8J\1H?1N*o
347441,Ms.,Twyla,H,Tilton,F,twyla.tilton@gmail.com,Christian Tilton,Eugenia Tilton,Neale,02-10-1965,9:38:04 AM,52.5,58,9/21/1997,Q3,H2,1997,9,September,Sep,21,Sunday,Sun,19.86,44788,28%,285-15-4725,308-559-1920,Danbury,Red Willow,Danbury,NE,69026,Midwest,thtilton,n1XLp1r.5
812693,Mr.,Milo,Q,Lake,M,milo.lake@hotmail.com,Wendell Lake,Kerrie Lake,Rubio,05-09-1996,7:28:07 AM,21.23,75,7/15/2017,Q3,H2,2017,7,July,Jul,15,Saturday,Sat,0.04,62039,7%,142-23-6894,201-377-4919,Mount Freedom,Morris,Mount Freedom,NJ,7970,Northeast,mqlake,FKw6X6J@*2h
390189,Mr.,Malcom,B,Dilley,M,malcom.dilley@msn.com,Mathew Dilley,Gema Dilley,Mccue,12/21/1979,5:27:08 PM,37.63,87,12/20/2004,Q4,H2,2004,12,December,Dec,20,Monday,Mon,12.61,95471,22%,677-22-1543,209-691-3133,Fullerton,Orange,Fullerton,CA,92834,West,mbdilley,P9^ijFuE6+
682388,Hon.,Tom,Q,Sledge,M,tom.sledge@gmail.com,Irvin Sledge,Tawnya Sledge,Thibodeau,3/18/1980,12:43:45 AM,37.39,86,02-05-2013,Q1,H1,2013,2,February,Feb,5,Tuesday,Tue,4.48,89619,30%,405-73-4546,209-449-3209,Sunol,Alameda,Sunol,CA,94586,West,tqsledge,mA7}ImsMn%/:RM}
453958,Mrs.,Leonida,P,Falkner,F,leonida.falkner@aol.com,Nicky Falkner,Petra Falkner,Batty,12-02-1966,11:36:26 AM,50.69,53,09-05-2003,Q3,H2,2003,9,September,Sep,5,Friday,Fri,13.9,53843,16%,530-99-7058,209-649-6181,Pacifica,San Mateo,Pacifica,CA,94044,West,lpfalkner,M.v/0w69J~/$
694749,Ms.,Traci,M,Ortiz,F,traci.ortiz@gmail.com,Bryce Ortiz,Euna Ortiz,Fendley,8/23/1961,8:54:05 AM,55.97,49,6/21/1990,Q2,H1,1990,6,June,Jun,21,Thursday,Thu,27.12,111161,17%,664-22-3992,270-306-8248,Webster,Breckinridge,Webster,KY,40176,South,tmortiz,gsI}9ryb
361426,Mr.,Buck,L,Dampier,M,buck.dampier@gmail.com,Salvatore Dampier,Kathy Dampier,Pickle,5/26/1988,4:47:21 PM,29.19,85,7/16/2017,Q3,H2,2017,7,July,Jul,16,Sunday,Sun,0.03,79239,14%,096-02-0356,229-339-4057,Waycross,Ware,Waycross,GA,31501,South,bldampier,IA|kI^mkoUZ-8V
360906,Ms.,Ola,R,Liston,F,ola.liston@gmail.com,Sung Liston,Bobette Liston,Brawley,05-06-1981,11:49:56 AM,36.25,50,5/14/2006,Q2,H1,2006,5,May,May,14,Sunday,Sun,11.21,104917,27%,551-99-8247,201-788-2483,Goshen,Cape May,Goshen,NJ,8218,Northeast,orliston,7VjsIVPus7U~elX
197264,Mr.,Rocky,G,Wooley,M,rocky.wooley@gmail.com,Hoyt Wooley,Vivan Wooley,Soileau,4/13/1967,8:36:22 AM,50.33,81,03-02-1992,Q1,H1,1992,3,March,Mar,2,Monday,Mon,25.42,148147,24%,452-99-9827,210-851-4910,Waka,Ochiltree,Waka,TX,79093,South,rgwooley,b0w%]+/aG;o1/mK
906018,Hon.,Connie,R,Scalf,M,connie.scalf@yahoo.com,Cristobal Scalf,Mavis Scalf,Kissel,02-10-1993,11:32:58 AM,24.48,88,9/20/2015,Q3,H2,2015,9,September,Sep,20,Sunday,Sun,1.85,87666,12%,658-36-4087,503-947-6016,Midland,Klamath,Midland,OR,97634,West,crscalf,K/lL/z}G?{L*2
737384,Prof.,Jeremy,T,Bautista,M,jeremy.bautista@gmail.com,Jeromy Bautista,Tomika Bautista,Manus,10/15/1979,10:01:41 AM,37.81,73,07-08-2011,Q3,H2,2011,7,July,Jul,8,Friday,Fri,6.06,51481,16%,608-87-7704,209-507-7047,Fresno,Fresno,Fresno,CA,93707,West,jtbautista,yIRcEHz8VR{7Y
870402,Prof.,Rick,O,Moralez,M,rick.moralez@hotmail.com,Dominique Moralez,Tracee Moralez,Burke,10-05-1966,2:41:45 AM,50.85,88,03-11-1994,Q1,H1,1994,3,March,Mar,11,Friday,Fri,23.4,42915,11%,120-98-2828,215-689-1606,Indiana,Indiana,Indiana,PA,15705,Northeast,romoralez,w%gB~W@\<F<:
201113,Mr.,Jasper,P,Luis,M,jasper.luis@gmail.com,Alexis Luis,Pricilla Luis,Simard,07-12-1973,9:36:28 AM,44.07,50,1/17/1997,Q1,H1,1997,1,January,Jan,17,Friday,Fri,20.54,169973,15%,189-86-7083,229-713-3929,Sale City,Mitchell,Sale City,GA,31784,South,jpluis,WjZ8]y|fQZ*6;
964133,Hon.,Emmanuel,Q,Lemke,M,emmanuel.lemke@outlook.com,Rex Lemke,Lavette Lemke,Render,10/28/1961,2:31:29 PM,55.79,68,4/29/2017,Q2,H1,2017,4,April,Apr,29,Saturday,Sat,0.25,74728,23%,672-48-3610,339-729-9668,Silver Beach,Barnstable,Silver Beach,MA,2565,Northeast,eqlemke,c$E*OK4gr
576277,Mr.,Mason,U,Lyon,M,mason.lyon@rediffmail.com,Claud Lyon,Nona Lyon,Bergin,12/27/1962,5:17:42 AM,54.62,87,4/19/2017,Q2,H1,2017,4,April,Apr,19,Wednesday,Wed,0.27,132678,4%,268-17-1464,239-705-9173,Dunnellon,Marion,Dunnellon,FL,34432,South,mulyon,bl9x-OdS!ZtX}
647343,Ms.,Kami,T,Watson,F,kami.watson@ibm.com,Levi Watson,Alene Watson,Kurtz,2/14/1977,11:09:23 AM,40.48,54,08-09-2016,Q3,H2,2016,8,August,Aug,9,Tuesday,Tue,0.97,192179,26%,485-41-9173,207-441-3274,North Berwick,York,North Berwick,ME,3906,Northeast,ktwatson,bO3c[xWRaLQ?iK
544985,Mr.,Hai,G,Mcelroy,M,hai.mcelroy@aol.com,Lowell Mcelroy,Geralyn Mcelroy,Aviles,12-04-1961,1:39:00 AM,55.68,71,3/30/2010,Q1,H1,2010,3,March,Mar,30,Tuesday,Tue,7.33,183628,15%,054-02-6777,406-506-1557,Mc Leod,Sweet Grass,Mc Leod,MT,59052,West,hgmcelroy,5%4apY0g
241761,Mr.,Claudio,H,Grenier,M,claudio.grenier@gmail.com,Marlin Grenier,Toshia Grenier,Halliday,12/30/1965,3:13:43 PM,51.61,76,09-10-2009,Q3,H2,2009,9,September,Sep,10,Thursday,Thu,7.88,129428,24%,464-99-4147,207-706-3150,Vinalhaven,Knox,Vinalhaven,ME,4863,Northeast,chgrenier,xrO_YRnG.Tk
260103,Prof.,Von,H,Buchanan,M,von.buchanan@sbcglobal.net,Hoyt Buchanan,Tiny Buchanan,Avila,07-03-1964,8:27:40 AM,53.1,55,12-02-2001,Q4,H2,2001,12,December,Dec,2,Sunday,Sun,15.66,41586,2%,701-18-5916,423-568-0007,Chattanooga,Hamilton,Chattanooga,TN,37401,South,vhbuchanan,FI|-:>%7J1boG
